time,price,change,volume,amount,type
09:25:01,105.15,0.45,128,1345920,卖盘
09:30:02,105.0,-0.15,9,94500,卖盘
09:30:05,105.0,0.0,22,230999,买盘
09:30:07,105.0,0.0,63,661485,买盘
09:30:10,105.0,0.0,24,251997,买盘
09:30:13,105.12,0.12,11,115594,买盘
09:30:17,105.13,0.01,6,63076,买盘
09:30:19,105.13,0.0,7,73597,卖盘
09:30:22,105.15,0.02,24,252340,买盘
09:30:24,105.17,0.02,23,251941,买盘
09:30:28,105.16,-0.01,8,84149,中性盘
09:30:31,105.28,0.12,2,21052,买盘
09:30:33,105.38,0.1,30,315859,买盘
09:30:38,105.38,0.0,14,147427,买盘
09:30:40,105.38,0.0,9,94787,买盘
09:30:43,105.4,0.02,10,105401,买盘
09:30:46,105.44,0.04,4,42168,买盘
09:30:49,105.47,0.03,7,73841,中性盘
09:30:52,105.49,0.02,30,316469,买盘
09:30:55,105.5,0.01,4,42216,卖盘
09:30:57,105.49,-0.01,44,464293,卖盘
09:31:02,105.58,0.09,21,221830,中性盘
09:31:04,105.52,-0.06,36,380163,卖盘
09:31:08,105.44,-0.08,17,179538,卖盘
09:31:10,105.44,0.0,13,137281,卖盘
09:31:14,105.63,0.19,15,158420,买盘
09:31:16,105.63,0.0,7,73936,买盘
09:31:18,105.63,0.0,17,179584,卖盘
09:31:22,105.7,0.07,54,568771,买盘
09:31:24,105.63,-0.07,16,169019,卖盘
09:31:29,105.64,0.01,18,190135,卖盘
09:31:31,105.59,-0.05,16,168966,卖盘
09:31:34,105.65,0.06,23,242963,买盘
09:31:36,105.58,-0.07,14,147855,卖盘
09:31:40,105.09,-0.49,5,52641,中性盘
09:31:43,105.1,0.01,11,115962,中性盘
09:31:46,105.08,-0.02,44,462833,卖盘
09:31:49,105.08,0.0,20,210168,买盘
09:31:51,105.5,0.42,12,126563,买盘
09:31:55,105.49,-0.01,10,105423,中性盘
09:31:58,105.32,-0.17,15,158065,卖盘
09:32:01,105.4,0.08,7,73744,中性盘
09:32:03,105.5,0.1,50,527094,买盘
09:32:08,105.4,-0.1,11,115970,中性盘
09:32:10,105.48,0.08,12,126518,卖盘
09:32:12,105.57,0.09,35,369276,买盘
09:32:16,105.51,-0.06,48,506600,卖盘
09:32:19,105.6,0.09,3,31665,中性盘
09:32:22,105.66,0.06,17,179546,买盘
09:32:25,105.6,-0.06,14,147870,卖盘
09:32:29,105.51,-0.09,60,633573,卖盘
09:32:31,105.52,0.01,40,422315,买盘
09:32:34,105.66,0.14,13,137301,买盘
09:32:37,105.48,-0.18,40,422055,卖盘
09:32:41,105.57,0.09,42,443165,买盘
09:32:43,105.66,0.09,24,253343,买盘
09:32:46,105.52,-0.14,10,105568,中性盘
09:32:48,105.51,-0.01,23,242285,中性盘
09:32:52,105.6,0.09,20,211117,中性盘
09:32:54,105.12,-0.48,6,63151,卖盘
09:32:58,105.5,0.38,12,126182,买盘
09:33:01,105.51,0.01,5,52751,买盘
09:33:04,105.52,0.01,50,526745,买盘
09:33:07,105.53,0.01,15,158304,卖盘
09:33:10,105.53,0.0,19,200506,买盘
09:33:13,105.5,-0.03,7,73865,卖盘
09:33:16,105.5,0.0,2,21072,买盘
09:33:19,105.13,-0.37,24,252636,卖盘
09:33:22,105.5,0.37,2,21100,买盘
09:33:25,105.12,-0.38,41,431562,卖盘
09:33:28,105.12,0.0,15,157724,买盘
09:33:31,105.5,0.38,4,42124,买盘
09:33:34,105.12,-0.38,14,147319,卖盘
09:33:37,105.51,0.39,10,105507,买盘
09:33:43,105.5,-0.01,3,31649,买盘
09:33:49,105.5,0.0,2,21099,买盘
09:33:52,105.5,0.0,2,21100,买盘
09:33:55,105.25,-0.25,3,31623,卖盘
09:34:01,105.48,0.23,5,52743,买盘
09:34:04,105.49,0.01,29,305257,买盘
09:34:07,105.4,-0.09,3,31620,买盘
09:34:09,105.48,0.08,8,84364,买盘
09:34:16,105.12,-0.36,5,52560,卖盘
09:34:19,105.12,0.0,3,31536,卖盘
09:34:25,105.12,0.0,14,147185,卖盘
09:34:29,105.12,0.0,2,21024,卖盘
09:34:31,105.12,0.0,4,42048,卖盘
09:34:34,105.1,-0.02,5,52589,卖盘
09:34:37,105.1,0.0,6,63060,卖盘
09:34:42,105.11,0.01,15,157646,买盘
09:34:43,105.11,0.0,27,283803,卖盘
09:34:47,105.11,0.0,49,515006,买盘
09:34:49,105.12,0.01,18,189185,买盘
09:34:57,105.12,0.0,5,52560,卖盘
09:35:02,105.4,0.28,2,21052,买盘
09:35:05,105.01,-0.39,10,105028,卖盘
09:35:07,105.12,0.11,14,147164,买盘
09:35:10,105.12,0.0,24,252276,买盘
09:35:17,105.01,-0.11,11,115566,卖盘
09:35:23,105.02,0.01,5,52518,中性盘
09:35:25,105.02,0.0,1,10502,卖盘
09:35:27,105.0,-0.02,15,157503,卖盘
09:35:31,104.96,-0.04,31,325461,卖盘
09:35:34,104.9,-0.06,4,41981,卖盘
09:35:37,104.81,-0.09,1,10481,卖盘
09:35:43,104.95,0.14,3,31485,买盘
09:35:46,104.81,-0.14,6,62900,卖盘
09:35:52,105.01,0.2,7,73507,买盘
09:35:56,104.81,-0.2,10,105028,卖盘
09:36:01,104.81,0.0,3,31445,卖盘
09:36:07,104.83,0.02,22,230626,买盘
09:36:10,104.83,0.0,22,230860,卖盘
09:36:14,104.97,0.14,14,147010,卖盘
09:36:16,104.71,-0.26,12,125784,卖盘
09:36:20,104.71,0.0,10,104710,买盘
09:36:22,104.89,0.18,13,136167,中性盘
09:36:25,104.7,-0.19,35,366486,卖盘
09:36:29,104.7,0.0,10,104757,卖盘
09:36:30,104.7,0.0,9,94244,卖盘
09:36:33,104.7,0.0,12,125659,卖盘
09:36:37,104.65,-0.05,14,146560,卖盘
09:36:40,104.66,0.01,9,94200,卖盘
09:36:43,104.65,-0.01,8,83729,卖盘
09:36:46,104.65,0.0,8,83700,卖盘
09:36:49,104.65,0.0,1,10465,卖盘
09:36:51,104.62,-0.03,8,83699,卖盘
09:36:55,104.65,0.03,48,501947,中性盘
09:36:59,104.8,0.15,2,20959,买盘
09:37:01,104.8,0.0,13,136198,买盘
09:37:05,104.8,0.0,5,52374,买盘
09:37:07,104.66,-0.14,20,209320,买盘
09:37:11,104.96,0.3,10,104961,买盘
09:37:13,104.86,-0.1,5,52446,卖盘
09:37:16,104.65,-0.21,23,241074,卖盘
09:37:19,104.66,0.01,11,115126,中性盘
09:37:22,105.05,0.39,1,10505,买盘
09:37:25,105.04,-0.01,2,21008,中性盘
09:37:31,104.7,-0.34,1,10470,卖盘
09:37:34,105.05,0.35,33,345506,买盘
09:37:37,104.96,-0.09,8,83989,卖盘
09:37:40,105.05,0.09,8,84022,买盘
09:37:43,104.91,-0.14,7,73498,卖盘
09:37:46,105.07,0.16,11,115475,买盘
09:37:53,105.07,0.0,5,52531,中性盘
09:37:55,105.07,0.0,6,63042,买盘
09:37:59,105.07,0.0,5,52535,买盘
09:38:00,105.07,0.0,3,31521,买盘
09:38:05,104.81,-0.26,22,230882,卖盘
09:38:08,105.07,0.26,5,52477,买盘
09:38:10,105.2,0.13,13,136745,买盘
09:38:14,105.07,-0.13,23,241687,卖盘
09:38:16,105.07,0.0,5,52535,买盘
09:38:19,105.07,0.0,3,31521,买盘
09:38:22,105.07,0.0,7,73549,卖盘
09:38:27,105.07,0.0,4,42028,买盘
09:38:32,105.07,0.0,26,272804,买盘
09:38:34,105.07,0.0,6,63042,买盘
09:38:37,105.06,-0.01,9,94562,卖盘
09:38:46,104.87,-0.19,12,125996,卖盘
09:38:53,105.35,0.48,16,168560,卖盘
09:38:55,104.91,-0.44,6,62946,中性盘
09:39:05,104.94,0.03,20,209896,卖盘
09:39:07,104.94,0.0,4,41976,卖盘
09:39:10,105.34,0.4,12,126408,买盘
09:39:18,105.27,-0.07,1,10527,中性盘
09:39:22,104.97,-0.3,2,21024,中性盘
09:39:25,104.95,-0.02,1,10495,买盘
09:39:28,104.95,0.0,28,293761,卖盘
09:39:32,104.93,-0.02,11,115331,中性盘
09:39:34,104.94,0.01,4,41975,买盘
09:39:37,104.94,0.0,2,20988,买盘
09:39:40,104.87,-0.07,17,178405,卖盘
09:39:46,105.24,0.37,1,10524,买盘
09:39:49,104.87,-0.37,10,104909,卖盘
09:39:52,105.2,0.33,1,10520,中性盘
09:40:01,104.93,-0.27,1,10493,卖盘
09:40:04,104.93,0.0,13,136479,卖盘
09:40:07,104.93,0.0,24,251795,买盘
09:40:10,105.21,0.28,11,115731,买盘
09:40:16,105.23,0.02,30,315162,买盘
09:40:18,105.23,0.0,11,115735,买盘
09:40:22,105.23,0.0,13,133634,买盘
09:40:26,105.25,0.02,8,84202,买盘
09:40:28,105.28,0.03,29,305304,买盘
09:40:32,105.28,0.0,4,42112,买盘
09:40:34,105.25,-0.03,58,610789,卖盘
09:40:37,105.25,0.0,21,221025,买盘
09:40:40,105.35,0.1,11,115869,买盘
09:40:43,105.22,-0.13,32,339979,卖盘
09:40:46,105.19,-0.03,9,94679,卖盘
09:40:49,105.2,0.01,10,105200,买盘
09:40:52,105.2,0.0,4,42080,买盘
09:40:55,105.17,-0.03,4,42068,卖盘
09:40:58,105.17,0.0,9,94653,买盘
09:41:04,105.0,-0.17,9,94500,卖盘
09:41:07,105.17,0.17,15,157568,买盘
09:41:10,105.17,0.0,3,31551,买盘
09:41:12,105.17,0.0,11,115687,买盘
09:41:16,105.2,0.03,20,207244,买盘
09:41:19,105.21,0.01,3,31561,买盘
09:41:25,105.37,0.16,8,84282,买盘
09:41:28,105.39,0.02,3,31615,买盘
09:41:31,105.41,0.02,20,212159,买盘
09:41:33,105.42,0.01,2,21084,买盘
09:41:37,105.42,0.0,6,63247,买盘
09:41:40,105.48,0.06,4,42192,买盘
09:41:42,105.49,0.01,10,105488,买盘
09:41:46,105.5,0.01,1,10550,买盘
09:41:48,105.53,0.03,50,527516,买盘
09:41:52,105.54,0.01,13,137193,买盘
09:41:54,105.55,0.01,6,63325,买盘
09:41:58,105.6,0.05,8,84474,买盘
09:42:00,105.6,0.0,4,42240,买盘
09:42:05,105.65,0.05,27,285145,买盘
09:42:06,105.6,-0.05,8,84493,卖盘
09:42:10,105.63,0.03,23,242946,买盘
09:42:13,105.61,-0.02,22,232378,中性盘
09:42:16,105.63,0.02,9,95059,买盘
09:42:20,105.63,0.0,3,31695,中性盘
09:42:22,105.63,0.0,16,168954,买盘
09:42:26,105.63,0.0,3,31686,买盘
09:42:28,105.63,0.0,5,52815,买盘
09:42:30,105.63,0.0,5,52812,买盘
09:42:33,105.57,-0.06,16,168954,卖盘
09:42:37,105.6,0.03,3,31678,买盘
09:42:40,105.6,0.0,3,31680,买盘
09:42:43,105.54,-0.06,2,21109,卖盘
09:42:46,105.51,-0.03,5,52771,卖盘
09:42:49,105.54,0.03,1,10554,中性盘
09:42:53,105.55,0.01,1,10555,买盘
09:42:55,105.51,-0.04,1,10551,中性盘
09:42:58,105.5,-0.01,28,295400,卖盘
09:43:01,105.48,-0.02,14,147698,卖盘
09:43:05,105.5,0.02,5,52750,买盘
09:43:10,105.4,-0.1,6,63246,卖盘
09:43:13,105.43,0.03,16,168732,买盘
09:43:16,105.37,-0.06,1,10537,卖盘
09:43:22,105.4,0.03,1,10540,买盘
09:43:25,105.39,-0.01,1,10539,中性盘
09:43:28,105.45,0.06,2,21085,买盘
09:43:31,105.4,-0.05,2,21080,买盘
09:43:33,105.4,0.0,3,31617,买盘
09:43:37,105.4,0.0,7,73780,买盘
09:43:40,105.4,0.0,3,31620,买盘
09:43:45,105.49,0.09,8,84340,买盘
09:43:49,105.5,0.01,41,432546,买盘
09:43:52,105.57,0.07,17,179402,买盘
09:43:55,105.6,0.03,3,31680,买盘
09:43:58,105.62,0.02,16,168984,买盘
09:44:01,105.63,0.01,15,158435,买盘
09:44:04,105.61,-0.02,15,158454,卖盘
09:44:07,105.6,-0.01,19,200703,卖盘
09:44:10,105.68,0.08,7,73964,买盘
09:44:13,105.7,0.02,17,179609,买盘
09:44:16,105.68,-0.02,11,116177,中性盘
09:44:19,105.67,-0.01,1,10567,中性盘
09:44:25,105.67,0.0,19,200768,买盘
09:44:28,105.6,-0.07,4,42240,卖盘
09:44:31,105.67,0.07,8,84536,买盘
09:44:34,105.67,0.0,1,10567,买盘
09:44:38,105.67,0.0,4,42266,买盘
09:44:46,105.5,-0.17,34,358843,卖盘
09:44:51,105.5,0.0,6,63300,买盘
09:44:55,105.5,0.0,16,168800,买盘
09:45:01,105.5,0.0,15,158227,中性盘
09:45:04,105.6,0.1,35,369300,买盘
09:45:07,105.67,0.07,13,137312,买盘
09:45:09,105.68,0.01,12,126807,买盘
09:45:12,105.69,0.01,13,137394,买盘
09:45:16,105.7,0.01,45,475640,买盘
09:45:19,105.73,0.03,10,105717,买盘
09:45:21,105.74,0.01,3,31721,买盘
09:45:25,105.75,0.01,25,264374,买盘
09:45:28,105.74,-0.01,26,274947,卖盘
09:45:31,105.77,0.03,8,84605,买盘
09:45:34,105.79,0.02,19,200979,买盘
09:45:37,105.8,0.01,10,105779,买盘
09:45:39,105.77,-0.03,23,243337,卖盘
09:45:42,105.76,-0.01,2,21153,卖盘
09:45:46,105.8,0.04,3,31739,买盘
09:45:50,105.8,0.0,1,10580,买盘
09:45:52,105.76,-0.04,1,10576,卖盘
09:45:55,105.79,0.03,6,63473,买盘
09:45:59,105.76,-0.03,7,74050,卖盘
09:46:01,105.79,0.03,2,21158,买盘
09:46:03,105.76,-0.03,25,264444,卖盘
09:46:07,105.76,0.0,7,74032,买盘
09:46:10,105.75,-0.01,21,222162,卖盘
09:46:13,105.79,0.04,2,21158,中性盘
09:46:16,105.75,-0.04,5,52883,卖盘
09:46:18,105.75,0.0,1,10575,买盘
09:46:24,105.74,-0.01,1,10574,中性盘
09:46:28,105.73,-0.01,1,10573,卖盘
09:46:31,105.73,0.0,1,10573,卖盘
09:46:33,105.79,0.06,69,729734,买盘
09:46:36,105.73,-0.06,53,560640,卖盘
09:46:40,105.73,0.0,5,52863,买盘
09:46:49,105.73,0.0,4,42292,买盘
09:46:52,105.7,-0.03,4,42280,卖盘
09:46:58,105.7,0.0,2,21143,卖盘
09:47:01,105.73,0.03,4,42290,买盘
09:47:03,105.7,-0.03,12,126864,卖盘
09:47:06,105.7,0.0,11,116270,卖盘
09:47:10,105.73,0.03,17,179701,买盘
09:47:13,105.7,-0.03,7,73989,卖盘
09:47:17,105.76,0.06,37,391159,买盘
09:47:20,105.81,0.05,32,338520,买盘
09:47:21,105.81,0.0,8,84643,买盘
09:47:25,105.82,0.01,36,380943,买盘
09:47:28,105.85,0.03,47,497390,买盘
09:47:30,105.85,0.0,23,243465,中性盘
09:47:33,105.92,0.07,76,804935,买盘
09:47:36,105.98,0.06,34,360317,买盘
09:47:40,106.0,0.02,163,1727772,买盘
09:47:42,106.02,0.02,45,477203,中性盘
09:47:50,106.18,0.16,5,53082,买盘
09:47:53,106.18,0.0,6,63701,买盘
09:47:55,106.18,0.0,18,191116,买盘
09:47:57,106.18,0.0,14,148652,买盘
09:48:07,106.02,-0.16,27,286133,卖盘
09:48:10,106.16,0.14,13,137868,买盘
09:48:13,106.0,-0.16,1,10600,中性盘
09:48:20,106.15,0.15,1,10615,买盘
09:48:22,106.15,0.0,5,53060,买盘
09:48:25,106.14,-0.01,3,31843,中性盘
09:48:31,106.1,-0.04,17,180330,中性盘
09:48:33,106.0,-0.1,14,148502,卖盘
09:48:36,106.14,0.14,6,63679,买盘
09:48:40,106.0,-0.14,1,10600,卖盘
09:48:43,106.14,0.14,10,106107,买盘
09:48:47,106.0,-0.14,5,53056,卖盘
09:48:49,106.13,0.13,6,63678,买盘
09:48:52,106.13,0.0,4,42452,买盘
09:48:55,106.0,-0.13,13,137800,卖盘
09:48:58,106.0,0.0,1,10600,卖盘
09:49:01,106.0,0.0,10,106000,卖盘
09:49:05,105.9,-0.1,54,572370,卖盘
09:49:07,106.0,0.1,23,243761,买盘
09:49:10,106.12,0.12,11,116612,买盘
09:49:19,106.12,0.0,6,63670,买盘
09:49:23,106.11,-0.01,19,201618,卖盘
09:49:25,105.92,-0.19,40,424431,卖盘
09:49:28,105.92,0.0,8,84737,卖盘
09:49:31,106.1,0.18,6,63585,买盘
09:49:37,105.9,-0.2,11,116498,卖盘
09:49:40,105.76,-0.14,15,158714,卖盘
09:49:42,105.8,0.04,37,390816,买盘
09:49:47,105.7,-0.1,6,63369,买盘
09:49:49,105.76,0.06,7,74032,中性盘
09:49:52,105.5,-0.26,44,464239,卖盘
09:49:55,105.5,0.0,2,21100,买盘
09:49:58,105.4,-0.1,8,84357,卖盘
09:50:01,105.49,0.09,2,21089,买盘
09:50:04,105.79,0.3,28,295444,买盘
09:50:07,105.79,0.0,29,306269,买盘
09:50:11,105.8,0.01,92,973353,买盘
09:50:13,105.8,0.0,35,370298,买盘
09:50:15,105.8,0.0,12,126960,买盘
09:50:20,105.88,0.08,26,275134,买盘
09:50:22,105.9,0.02,9,95282,买盘
09:50:26,105.91,0.01,8,84709,买盘
09:50:28,105.9,-0.01,6,63590,卖盘
09:50:31,106.0,0.1,10,106000,买盘
09:50:33,105.99,-0.01,1,10599,中性盘
09:50:36,106.0,0.01,8,84798,买盘
09:50:40,106.01,0.01,2,21202,买盘
09:50:43,106.09,0.08,4,42420,买盘
09:50:47,106.08,-0.01,2,21209,中性盘
09:50:50,106.1,0.02,18,190933,买盘
09:50:51,106.11,0.01,11,116712,买盘
09:50:54,106.12,0.01,12,127343,买盘
09:50:58,106.13,0.01,16,169791,买盘
09:51:02,106.11,-0.02,10,106110,买盘
09:51:05,106.14,0.03,16,169826,买盘
09:51:06,106.14,0.0,41,435194,卖盘
09:51:10,106.14,0.0,4,42456,卖盘
09:51:12,106.14,0.0,4,42458,卖盘
09:51:16,106.14,0.0,11,116761,卖盘
09:51:19,106.1,-0.04,97,1029531,卖盘
09:51:22,106.14,0.04,2,21228,买盘
09:51:25,106.14,0.0,6,63624,买盘
09:51:29,106.01,-0.13,1,10601,卖盘
09:51:32,106.14,0.13,1,10614,买盘
09:51:33,106.14,0.0,3,31842,买盘
09:51:38,106.14,0.0,16,169814,买盘
09:51:40,106.11,-0.03,1,10611,中性盘
09:51:47,106.11,0.0,1,10611,卖盘
09:51:50,106.11,0.0,1,10611,买盘
09:51:53,106.11,0.0,2,21221,买盘
09:51:56,106.11,0.0,4,42444,买盘
09:51:59,106.13,0.02,8,84890,买盘
09:52:02,106.1,-0.03,7,74237,中性盘
09:52:06,106.05,-0.05,28,296905,中性盘
09:52:11,106.05,0.0,2,21209,买盘
09:52:16,106.02,-0.03,4,42413,卖盘
09:52:20,106.02,0.0,9,95418,卖盘
09:52:23,106.01,-0.01,3,31803,卖盘
09:52:26,106.0,-0.01,2,21201,卖盘
09:52:28,105.91,-0.09,1,10591,卖盘
09:52:31,105.9,-0.01,5,52954,卖盘
09:52:38,106.0,0.1,7,74200,买盘
09:52:41,105.9,-0.1,7,74201,卖盘
09:52:42,105.9,0.0,1,10590,卖盘
09:52:47,105.9,0.0,50,529500,卖盘
09:52:48,105.9,0.0,4,42379,卖盘
09:52:53,105.9,0.0,2,21180,卖盘
09:53:02,106.0,0.1,1,10600,买盘
09:53:08,105.91,-0.09,11,116501,卖盘
09:53:11,105.91,0.0,7,74137,买盘
09:53:17,105.9,-0.01,1,10590,卖盘
09:53:20,105.9,0.0,1,10590,卖盘
09:53:23,105.9,0.0,3,31770,中性盘
09:53:26,105.9,0.0,8,84706,买盘
09:53:29,105.88,-0.02,3,31764,卖盘
09:53:31,105.88,0.0,28,296508,卖盘
09:53:35,105.8,-0.08,2,21160,卖盘
09:53:37,105.88,0.08,2,21176,买盘
09:53:41,105.8,-0.08,1,10580,卖盘
09:53:44,105.8,0.0,8,84656,卖盘
09:53:46,105.8,0.0,1,10580,中性盘
09:53:56,105.63,-0.17,1,10563,卖盘
09:53:57,105.62,-0.01,10,105620,卖盘
09:54:02,105.62,0.0,3,31686,买盘
09:54:05,105.73,0.11,2,21136,中性盘
09:54:08,105.61,-0.12,18,190101,卖盘
09:54:11,105.79,0.18,5,52859,买盘
09:54:14,105.61,-0.18,9,95067,卖盘
09:54:19,105.88,0.27,8,84661,买盘
09:54:26,105.88,0.0,8,84696,买盘
09:54:27,105.99,0.11,3,31797,买盘
09:54:32,105.88,-0.11,2,21176,中性盘
09:54:38,106.0,0.12,17,180176,买盘
09:54:41,105.98,-0.02,6,63596,中性盘
09:54:44,106.0,0.02,2,21200,买盘
09:54:47,105.95,-0.05,28,296708,卖盘
09:54:55,105.98,0.03,1,10598,买盘
09:54:57,105.88,-0.1,10,105881,卖盘
09:55:02,105.99,0.11,1,10599,买盘
09:55:05,106.0,0.01,3,31799,买盘
09:55:08,106.0,0.0,25,264771,买盘
09:55:11,106.0,0.0,8,84799,买盘
09:55:15,106.0,0.0,10,106000,买盘
09:55:17,106.0,0.0,17,180200,买盘
09:55:20,106.01,0.01,14,148404,买盘
09:55:23,106.03,0.02,34,358362,买盘
09:55:26,106.1,0.07,16,169760,买盘
09:55:29,106.11,0.01,29,307689,买盘
09:55:32,106.13,0.02,14,148576,买盘
09:55:35,106.13,0.0,27,286519,买盘
09:55:38,106.13,0.0,8,84901,买盘
09:55:41,106.13,0.0,12,127323,买盘
09:55:44,106.03,-0.1,17,180328,卖盘
09:55:47,106.1,0.07,2,21221,中性盘
09:55:53,106.1,0.0,5,53050,买盘
09:55:59,106.05,-0.05,9,95475,中性盘
09:56:02,106.11,0.06,7,74288,卖盘
09:56:05,106.11,0.0,2,21222,中性盘
09:56:08,106.1,-0.01,18,190936,卖盘
09:56:13,106.1,0.0,2,21220,买盘
09:56:16,106.1,0.0,3,31822,买盘
09:56:20,106.1,0.0,1,10610,买盘
09:56:23,106.06,-0.04,2,21212,卖盘
09:56:26,106.06,0.0,3,31822,中性盘
09:56:32,106.06,0.0,12,127261,买盘
09:56:38,106.1,0.04,2,21220,买盘
09:56:44,106.06,-0.04,6,63656,卖盘
09:56:50,106.08,0.02,3,31822,中性盘
09:56:53,106.09,0.01,2,21218,卖盘
09:57:08,106.07,-0.02,16,169712,卖盘
09:57:11,106.06,-0.01,35,371179,卖盘
09:57:14,106.01,-0.05,75,795341,卖盘
09:57:17,106.01,0.0,22,233201,买盘
09:57:20,105.85,-0.16,7,74101,卖盘
09:57:23,105.85,0.0,6,63495,卖盘
09:57:29,105.62,-0.23,5,52810,卖盘
09:57:32,105.62,0.0,6,63372,卖盘
09:57:34,105.61,-0.01,3,31682,卖盘
09:57:36,105.61,0.0,11,116161,中性盘
09:57:41,105.61,0.0,7,73930,卖盘
09:57:44,105.51,-0.1,1,10551,卖盘
09:57:47,105.62,0.11,8,84488,买盘
09:57:50,105.53,-0.09,27,284967,中性盘
09:57:53,105.51,-0.02,18,189983,卖盘
09:57:55,105.5,-0.01,34,358707,卖盘
09:58:02,105.53,0.03,3,31655,买盘
09:58:05,105.53,0.0,1,10553,买盘
09:58:08,105.49,-0.04,32,337538,卖盘
09:58:11,105.49,0.0,2,21098,买盘
09:58:16,105.42,-0.07,3,31648,卖盘
09:58:19,105.4,-0.02,7,73786,卖盘
09:58:23,105.41,0.01,6,63243,中性盘
09:58:26,105.42,0.01,6,63252,买盘
09:58:31,105.41,-0.01,2,21082,买盘
09:58:38,105.41,0.0,5,52700,买盘
09:58:41,105.38,-0.03,5,52688,买盘
09:58:50,105.38,0.0,6,63229,卖盘
09:58:53,105.38,0.0,2,21074,买盘
09:58:55,105.38,0.0,10,105378,买盘
09:58:58,105.42,0.04,12,126504,买盘
09:59:02,105.42,0.0,2,21078,买盘
09:59:05,105.42,0.0,6,63252,买盘
09:59:07,105.36,-0.06,11,115901,卖盘
09:59:11,105.36,0.0,11,115896,买盘
09:59:13,105.5,0.14,1,10550,买盘
09:59:26,105.63,0.13,3,31687,买盘
09:59:29,105.52,-0.11,3,31678,卖盘
09:59:32,105.37,-0.15,116,1222656,卖盘
09:59:38,105.3,-0.07,19,200244,卖盘
09:59:41,105.47,0.17,24,253021,买盘
09:59:43,105.36,-0.11,19,200076,买盘
09:59:47,105.22,-0.14,23,242216,卖盘
09:59:50,105.2,-0.02,7,73656,卖盘
09:59:53,105.34,0.14,8,84170,中性盘
09:59:56,105.39,0.05,8,84273,买盘
09:59:59,105.39,0.0,9,94845,买盘
10:00:02,105.39,0.0,2,21078,买盘
10:00:07,105.2,-0.19,21,220940,卖盘
10:00:11,105.4,0.2,4,42160,买盘
10:00:20,105.4,0.0,4,42166,中性盘
10:00:23,105.4,0.0,3,31626,中性盘
10:00:25,105.46,0.06,1,10546,买盘
10:00:28,105.25,-0.21,10,105316,卖盘
10:00:38,105.5,0.25,3,31650,买盘
10:00:50,105.5,0.0,3,31650,买盘
10:00:51,105.45,-0.05,6,63270,中性盘
10:00:56,105.45,0.0,2,21090,买盘
10:01:02,105.45,0.0,2,21090,中性盘
10:01:05,105.8,0.35,3,31739,买盘
10:01:07,105.35,-0.45,21,221240,卖盘
10:01:11,105.8,0.45,30,317787,买盘
10:01:14,105.8,0.0,2,21160,中性盘
10:01:20,105.5,-0.3,2,21130,卖盘
10:01:32,105.38,-0.12,24,253054,卖盘
10:01:35,105.5,0.12,1,10550,卖盘
10:01:37,105.75,0.25,2,21150,中性盘
10:01:43,105.74,-0.01,5,52844,买盘
10:01:50,105.5,-0.24,1,10550,卖盘
10:02:08,105.47,-0.03,10,105497,卖盘
10:02:11,105.47,0.0,5,52747,卖盘
10:02:14,105.47,0.0,4,42188,卖盘
10:02:17,105.5,0.03,1,10550,买盘
10:02:26,105.5,0.0,1,10550,买盘
10:02:29,105.5,0.0,1,10550,买盘
10:02:31,105.5,0.0,1,10550,买盘
10:02:35,105.5,0.0,2,21100,买盘
10:02:37,105.75,0.25,2,21150,买盘
10:02:41,105.48,-0.27,12,126586,卖盘
10:02:43,105.97,0.49,14,148029,买盘
10:02:55,105.8,-0.17,1,10580,卖盘
10:02:58,105.8,0.0,11,116081,买盘
10:03:05,105.8,0.0,1,10580,买盘
10:03:08,105.51,-0.29,8,84470,卖盘
10:03:10,105.5,-0.01,6,63305,卖盘
10:03:14,105.5,0.0,3,31650,卖盘
10:03:17,105.51,0.01,4,42202,买盘
10:03:22,105.51,0.0,5,52755,买盘
10:03:25,105.51,0.0,1,10551,买盘
10:03:37,105.52,0.01,1,10552,卖盘
10:03:41,105.79,0.27,2,21158,买盘
10:03:46,105.79,0.0,1,10579,买盘
10:03:53,105.79,0.0,1,10579,买盘
10:04:02,105.79,0.0,1,10579,买盘
10:04:08,105.53,-0.26,3,31676,卖盘
10:04:11,105.51,-0.02,18,189950,卖盘
10:04:14,105.5,-0.01,7,73855,卖盘
10:04:17,105.51,0.01,4,42202,买盘
10:04:22,105.48,-0.03,11,116028,卖盘
10:04:32,105.51,0.03,1,10551,买盘
10:04:35,105.51,0.0,4,42204,卖盘
10:04:41,105.53,0.02,3,31658,买盘
10:04:43,105.5,-0.03,2,21100,卖盘
10:04:50,105.5,0.0,8,84400,卖盘
10:04:53,105.5,0.0,2,21100,买盘
10:04:56,105.5,0.0,15,158226,买盘
10:05:08,105.46,-0.04,17,179282,卖盘
10:05:11,105.4,-0.06,1,10540,卖盘
10:05:14,105.46,0.06,4,42184,买盘
10:05:16,105.46,0.0,3,31626,买盘
10:05:20,105.4,-0.06,8,84320,中性盘
10:05:26,105.37,-0.03,2,21075,卖盘
10:05:35,105.38,0.01,1,10538,买盘
10:05:38,105.31,-0.07,2,21068,卖盘
10:05:41,105.38,0.07,3,31600,买盘
10:05:47,105.3,-0.08,6,63180,卖盘
10:05:59,105.36,0.06,3,31608,买盘
10:06:08,105.21,-0.15,4,42084,卖盘
10:06:11,105.21,0.0,21,220941,买盘
10:06:14,105.21,0.0,17,178847,买盘
10:06:20,105.2,-0.01,7,73640,卖盘
10:06:32,105.2,0.0,3,31559,买盘
10:06:38,105.2,0.0,3,31559,买盘
10:06:41,105.21,0.01,2,21042,买盘
10:06:44,105.21,0.0,20,210412,买盘
10:06:50,105.21,0.0,1,10521,买盘
10:06:53,105.2,-0.01,5,52618,卖盘
10:06:56,105.37,0.17,1,10537,买盘
10:06:59,105.19,-0.18,11,115725,卖盘
10:07:02,105.35,0.16,1,10535,买盘
10:07:07,105.19,-0.16,14,147266,卖盘
10:07:11,105.19,0.0,2,21038,买盘
10:07:14,105.19,0.0,5,52595,买盘
10:07:26,105.25,0.06,1,10525,买盘
10:07:31,105.25,0.0,19,199970,买盘
10:07:35,105.25,0.0,7,73675,买盘
10:07:37,105.25,0.0,5,52625,买盘
10:07:41,105.36,0.11,26,273672,买盘
10:07:43,105.31,-0.05,3,31593,卖盘
10:07:47,105.31,0.0,8,84248,买盘
10:08:05,105.31,0.0,4,42124,买盘
10:08:07,105.31,0.0,3,31593,买盘
10:08:11,105.28,-0.03,2,21053,买盘
10:08:14,105.28,0.0,10,105280,买盘
10:08:17,105.28,0.0,1,10528,买盘
10:08:20,105.25,-0.03,4,42109,卖盘
10:08:22,105.28,0.03,1,10528,买盘
10:08:25,105.28,0.0,3,31584,买盘
10:08:29,105.28,0.0,1,10528,买盘
10:08:32,105.28,0.0,2,21053,买盘
10:08:35,105.28,0.0,1,10528,买盘
10:08:37,105.28,0.0,2,21056,买盘
10:08:41,105.31,0.03,4,42124,买盘
10:08:44,105.31,0.0,1,10531,买盘
10:08:47,105.31,0.0,1,10531,买盘
10:08:49,105.31,0.0,3,31593,买盘
10:08:53,105.31,0.0,3,31590,买盘
10:08:56,105.35,0.04,10,105350,买盘
10:09:02,105.34,-0.01,3,31604,卖盘
10:09:04,105.35,0.01,3,31603,买盘
10:09:07,105.34,-0.01,4,42136,卖盘
10:09:11,105.34,0.0,27,284417,买盘
10:09:14,105.34,0.0,1,10534,买盘
10:09:20,105.31,-0.03,7,73723,卖盘
10:09:23,105.31,0.0,2,21063,卖盘
10:09:29,105.31,0.0,1,10531,卖盘
10:09:32,105.32,0.01,1,10532,买盘
10:09:36,105.31,-0.01,1,10531,卖盘
10:09:40,105.32,0.01,3,31596,买盘
10:09:53,105.31,-0.01,1,10531,卖盘
10:09:56,105.32,0.01,10,105320,买盘
10:09:58,105.32,0.0,3,31594,买盘
10:10:02,105.32,0.0,1,10532,买盘
10:10:08,105.31,-0.01,22,231689,卖盘
10:10:13,105.31,0.0,2,21060,买盘
10:10:17,105.29,-0.02,1,10529,卖盘
10:10:19,105.31,0.02,1,10531,买盘
10:10:23,105.29,-0.02,1,10529,卖盘
10:10:25,105.31,0.02,2,21062,买盘
10:10:41,105.31,0.0,1,10531,买盘
10:10:44,105.29,-0.02,1,10529,卖盘
10:10:47,105.31,0.02,1,10531,买盘
10:10:53,105.29,-0.02,25,263225,卖盘
10:10:56,105.28,-0.01,1,10528,卖盘
10:10:59,105.28,0.0,3,31584,卖盘
10:11:02,105.28,0.0,4,42113,买盘
10:11:04,105.28,0.0,1,10528,卖盘
10:11:08,105.27,-0.01,11,115799,卖盘
10:11:11,105.28,0.01,2,21055,买盘
10:11:13,105.27,-0.01,1,10527,卖盘
10:11:17,105.28,0.01,1,10528,买盘
10:11:19,105.27,-0.01,16,168442,卖盘
10:11:23,105.28,0.01,8,84217,买盘
10:11:25,105.28,0.0,3,31584,买盘
10:11:28,105.28,0.0,5,52640,买盘
10:11:32,105.28,0.0,5,52633,买盘
10:11:37,105.27,-0.01,6,63156,买盘
10:11:41,105.29,0.02,4,42113,买盘
10:11:44,105.22,-0.07,3,31578,卖盘
10:11:47,105.29,0.07,2,21058,买盘
10:11:50,105.31,0.02,4,42122,买盘
10:11:59,105.29,-0.02,1,10529,卖盘
10:12:08,105.22,-0.07,18,189489,卖盘
10:12:14,105.29,0.07,1,10529,买盘
10:12:16,105.21,-0.08,10,105210,卖盘
10:12:23,105.21,0.0,1,10521,卖盘
10:12:26,105.21,0.0,2,21042,卖盘
10:12:32,105.21,0.0,5,52606,卖盘
10:12:34,105.21,0.0,1,10521,卖盘
10:12:44,105.28,0.07,1,10528,买盘
10:12:50,105.28,0.0,1,10528,买盘
10:12:53,105.24,-0.04,1,10524,中性盘
10:12:56,105.29,0.05,1,10529,买盘
10:13:05,105.28,-0.01,4,42112,卖盘
10:13:08,105.28,0.0,11,115813,卖盘
10:13:13,105.26,-0.02,2,21048,中性盘
10:13:20,105.28,0.02,18,189504,买盘
10:13:23,105.28,0.0,3,31584,卖盘
10:13:32,105.29,0.01,15,157924,买盘
10:13:41,105.28,-0.01,6,63173,卖盘
10:13:44,105.29,0.01,3,31587,买盘
10:13:50,105.29,0.0,37,389574,买盘
10:13:53,105.29,0.0,1,10529,卖盘
10:14:02,105.31,0.02,4,42120,买盘
10:14:08,105.29,-0.02,21,221120,卖盘
10:14:14,105.31,0.02,2,21060,买盘
10:14:19,105.31,0.0,1,10531,买盘
10:14:26,105.29,-0.02,12,126348,卖盘
10:14:32,105.31,0.02,1,10531,卖盘
10:14:41,105.33,0.02,2,21064,买盘
10:14:43,105.31,-0.02,2,21064,卖盘
10:14:53,105.34,0.03,1,10534,买盘
10:15:02,105.31,-0.03,7,73730,卖盘
10:15:05,105.33,0.02,1,10533,买盘
10:15:07,105.31,-0.02,7,73717,卖盘
10:15:11,105.33,0.02,15,157973,买盘
10:15:14,105.3,-0.03,1,10530,中性盘
10:15:17,105.33,0.03,5,52665,买盘
10:15:23,105.33,0.0,15,157982,买盘
10:15:32,105.32,-0.01,7,73720,卖盘
10:15:38,105.33,0.01,1,10533,买盘
10:15:41,105.32,-0.01,4,42128,卖盘
10:15:44,105.32,0.0,2,21064,买盘
10:15:50,105.32,0.0,1,10532,买盘
10:15:53,105.29,-0.03,1,10529,卖盘
10:15:59,105.29,0.0,1,10529,卖盘
10:16:02,105.32,0.03,2,21061,买盘
10:16:08,105.29,-0.03,13,136880,卖盘
10:16:10,105.29,0.0,1,10529,买盘
10:16:13,105.28,-0.01,1,10528,卖盘
10:16:17,105.29,0.01,1,10529,买盘
10:16:26,105.28,-0.01,1,10528,卖盘
10:16:34,105.29,0.01,1,10529,买盘
10:16:43,105.29,0.0,5,52644,买盘
10:16:49,105.29,0.0,1,10529,买盘
10:16:53,105.28,-0.01,2,21056,卖盘
10:16:56,105.28,0.0,1,10528,卖盘
10:17:02,105.29,0.01,2,21057,买盘
10:17:05,105.28,-0.01,1,10528,卖盘
10:17:08,105.28,0.0,24,252672,卖盘
10:17:11,105.27,-0.01,13,136851,卖盘
10:17:32,105.26,-0.01,2,21052,卖盘
10:17:38,105.27,0.01,6,63157,买盘
10:17:44,105.27,0.0,4,42106,买盘
10:17:49,105.26,-0.01,10,105260,卖盘
10:17:53,105.26,0.0,1,10526,卖盘
10:17:56,105.27,0.01,1,10527,买盘
10:18:02,105.25,-0.02,7,73676,卖盘
10:18:08,105.25,0.0,5,52625,卖盘
10:18:11,105.24,-0.01,12,126288,卖盘
10:18:17,105.22,-0.02,9,94698,卖盘
10:18:19,105.21,-0.01,6,63126,卖盘
10:18:25,105.21,0.0,23,241983,卖盘
10:18:31,105.24,0.03,1,10524,买盘
10:18:38,105.23,-0.01,2,21046,卖盘
10:18:47,105.22,-0.01,3,31568,卖盘
10:18:49,105.23,0.01,2,21045,买盘
10:18:52,105.21,-0.02,14,147302,卖盘
10:18:56,105.23,0.02,1,10523,买盘
10:19:07,105.22,-0.01,5,52612,卖盘
10:19:11,105.22,0.0,11,115743,卖盘
10:19:22,105.22,0.0,2,21044,买盘
10:19:26,105.21,-0.01,2,21043,卖盘
10:19:29,105.22,0.01,7,73649,买盘
10:19:32,105.22,0.0,2,21044,买盘
10:19:35,105.22,0.0,2,21044,买盘
10:19:44,105.22,0.0,3,31566,买盘
10:19:52,105.21,-0.01,1,10521,卖盘
10:20:02,105.21,0.0,11,115731,卖盘
10:20:05,105.21,0.0,2,21042,卖盘
10:20:11,105.21,0.0,50,526050,卖盘
10:20:14,105.17,-0.04,179,1882868,卖盘
10:20:17,105.05,-0.12,21,220741,卖盘
10:20:20,105.2,0.15,4,42035,买盘
10:20:23,105.05,-0.15,1,10505,卖盘
10:20:26,105.12,0.07,1,10512,卖盘
10:20:29,105.02,-0.1,5,52528,卖盘
10:20:31,105.01,-0.01,13,136520,卖盘
10:20:35,105.01,0.0,1,10501,卖盘
10:20:38,105.18,0.17,11,115538,买盘
10:20:40,105.02,-0.16,2,21004,卖盘
10:20:44,105.01,-0.01,2,21002,买盘
10:20:53,105.0,-0.01,2,21000,卖盘
10:20:56,105.01,0.01,2,21002,买盘
10:21:08,105.01,0.0,2,21002,买盘
10:21:11,105.0,-0.01,37,388540,卖盘
10:21:14,105.01,0.01,2,21001,中性盘
10:21:17,105.01,0.0,7,73501,买盘
10:21:20,105.0,-0.01,23,241501,卖盘
10:21:23,105.0,0.0,1,10500,卖盘
10:21:32,105.05,0.05,1,10505,买盘
10:21:44,105.05,0.0,1,10505,买盘
10:21:47,105.18,0.13,2,21036,买盘
10:21:50,105.05,-0.13,2,21007,中性盘
10:21:56,105.01,-0.04,1,10501,卖盘
10:21:58,105.05,0.04,2,21010,买盘
10:22:08,105.18,0.13,2,21036,买盘
10:22:11,105.05,-0.13,14,147122,卖盘
10:22:14,105.05,0.0,1,10505,买盘
10:22:16,105.05,0.0,5,52525,买盘
10:22:20,105.05,0.0,9,94545,买盘
10:22:22,105.05,0.0,6,63030,买盘
10:22:32,105.05,0.0,3,31515,卖盘
10:22:37,105.05,0.0,5,52525,卖盘
10:22:40,105.18,0.13,3,31541,买盘
10:22:44,105.18,0.0,3,31554,买盘
10:22:49,105.18,0.0,4,42072,买盘
10:22:52,105.18,0.0,2,21036,买盘
10:22:55,105.18,0.0,1,10518,买盘
10:23:11,105.16,-0.02,1,10516,卖盘
10:23:14,105.14,-0.02,1,10514,中性盘
10:23:17,105.16,0.02,10,105160,买盘
10:23:20,105.16,0.0,4,42058,买盘
10:23:22,105.16,0.0,3,31548,买盘
10:23:29,105.16,0.0,1,10516,买盘
10:23:32,105.15,-0.01,1,10515,卖盘
10:23:38,105.16,0.01,1,10516,买盘
10:23:43,105.16,0.0,1,10516,买盘
10:23:47,105.16,0.0,2,21032,买盘
10:23:50,105.15,-0.01,1,10515,卖盘
10:23:52,105.16,0.01,3,31548,买盘
10:23:56,105.17,0.01,4,42065,买盘
10:24:05,105.18,0.01,10,105180,买盘
10:24:11,105.17,-0.01,18,189307,卖盘
10:24:14,105.17,0.0,1,10517,买盘
10:24:20,105.16,-0.01,1,10516,卖盘
10:24:22,105.16,0.0,10,105160,卖盘
10:24:26,105.17,0.01,10,105166,买盘
10:24:32,105.18,0.01,3,31552,买盘
10:24:35,105.18,0.0,14,147239,买盘
10:24:38,105.16,-0.02,8,84133,卖盘
10:24:41,105.18,0.02,3,31554,买盘
10:24:46,105.17,-0.01,5,52584,买盘
10:25:04,105.17,0.0,1,10517,买盘
10:25:11,105.16,-0.01,23,241878,卖盘
10:25:20,105.17,0.01,12,126201,买盘
10:25:23,105.18,0.01,9,94646,买盘
10:25:26,105.15,-0.03,11,115667,卖盘
10:25:29,105.12,-0.03,4,42066,卖盘
10:25:32,105.15,0.03,7,73583,买盘
10:25:38,105.12,-0.03,1,10512,买盘
10:25:47,105.15,0.03,1,10515,买盘
10:25:59,105.07,-0.08,3,31521,卖盘
10:26:02,105.15,0.08,1,10515,买盘
10:26:05,105.07,-0.08,2,21022,卖盘
10:26:11,105.07,0.0,6,63042,卖盘
10:26:17,105.05,-0.02,10,105059,卖盘
10:26:20,105.07,0.02,1,10507,买盘
10:26:23,105.07,0.0,11,115577,买盘
10:26:26,105.07,0.0,2,21014,买盘
10:26:28,105.07,0.0,1,10507,买盘
10:26:32,105.05,-0.02,30,315155,卖盘
10:26:41,105.05,0.0,1,10505,买盘
10:26:43,105.02,-0.03,1,10502,卖盘
10:26:47,105.05,0.03,2,21010,买盘
10:26:56,105.05,0.0,2,21010,买盘
10:26:59,105.05,0.0,1,10505,买盘
10:27:02,105.05,0.0,1,10505,买盘
10:27:10,105.03,-0.02,1,10503,卖盘
10:27:14,105.03,0.0,2,21006,买盘
10:27:16,105.03,0.0,1,10503,买盘
10:27:22,105.02,-0.01,8,84023,卖盘
10:27:26,105.03,0.01,7,73520,买盘
10:27:29,105.03,0.0,1,10503,买盘
10:27:32,105.03,0.0,1,10503,买盘
10:27:34,105.05,0.02,3,31511,买盘
10:27:41,105.04,-0.01,5,52520,中性盘
10:27:47,105.15,0.11,8,84062,买盘
10:27:50,105.15,0.0,1,10515,买盘
10:27:53,105.15,0.0,2,21030,买盘
10:27:56,105.04,-0.11,2,21008,中性盘
10:27:59,105.04,0.0,1,10504,卖盘
10:28:02,105.04,0.0,1,10504,卖盘
10:28:07,105.14,0.1,4,42044,买盘
10:28:11,105.14,0.0,1,10514,中性盘
10:28:13,105.08,-0.06,8,84064,买盘
10:28:32,105.08,0.0,1,10508,买盘
10:28:35,105.08,0.0,2,21013,买盘
10:28:41,105.04,-0.04,4,42016,卖盘
10:28:44,105.04,0.0,6,63024,卖盘
10:28:47,105.04,0.0,1,10504,买盘
10:28:59,105.04,0.0,2,21008,买盘
10:29:02,105.05,0.01,5,52525,买盘
10:29:05,105.08,0.03,1,10508,买盘
10:29:14,105.2,0.12,35,367884,买盘
10:29:17,105.06,-0.14,1,10506,卖盘
10:29:19,105.18,0.12,4,42074,买盘
10:29:23,105.18,0.0,15,157770,卖盘
10:29:26,105.18,0.0,2,21036,买盘
10:29:29,105.06,-0.12,2,21012,卖盘
10:29:32,105.06,0.0,6,63036,卖盘
10:29:41,105.06,0.0,1,10506,卖盘
10:29:47,105.18,0.12,2,21036,买盘
10:29:53,105.06,-0.12,5,52530,卖盘
10:29:56,105.06,0.0,3,31518,买盘
10:29:59,105.06,0.0,6,63036,买盘
10:30:05,105.06,0.0,2,21012,卖盘
10:30:11,105.06,0.0,6,63036,卖盘
10:30:14,105.06,0.0,13,136576,买盘
10:30:17,105.06,0.0,2,21012,买盘
10:30:23,105.06,0.0,3,31518,买盘
10:30:29,105.06,0.0,1,10506,卖盘
10:30:47,105.06,0.0,20,210136,卖盘
10:30:49,105.07,0.01,3,31521,中性盘
10:30:53,105.06,-0.01,4,42025,卖盘
10:30:56,105.05,-0.01,39,409695,卖盘
10:30:59,105.06,0.01,10,105060,买盘
10:31:02,105.04,-0.02,2,21008,卖盘
10:31:05,105.04,0.0,6,63024,卖盘
10:31:11,105.05,0.01,21,220586,买盘
10:31:14,105.06,0.01,1,10506,买盘
10:31:22,105.06,0.0,7,73542,买盘
10:31:32,105.06,0.0,2,21012,卖盘
10:31:38,105.11,0.05,10,105110,卖盘
10:31:41,105.05,-0.06,3,31517,卖盘
10:31:44,105.05,0.0,5,52525,买盘
10:31:46,105.05,0.0,5,52525,买盘
10:31:50,105.05,0.0,12,126060,买盘
10:31:52,105.03,-0.02,4,42020,卖盘
10:31:59,105.03,0.0,6,63018,卖盘
10:32:05,105.18,0.15,2,21036,买盘
10:32:07,105.16,-0.02,1,10516,中性盘
10:32:11,105.03,-0.13,14,147159,卖盘
10:32:17,105.03,0.0,2,21006,买盘
10:32:41,105.03,0.0,6,63018,买盘
10:32:47,105.04,0.01,4,42057,卖盘
10:32:49,105.18,0.14,3,31554,中性盘
10:32:56,105.19,0.01,5,52593,买盘
10:32:59,105.19,0.0,9,94671,卖盘
10:33:05,105.19,0.0,5,52592,买盘
10:33:07,105.19,0.0,10,105178,买盘
10:33:11,105.03,-0.16,39,410153,卖盘
10:33:14,105.01,-0.02,10,105032,卖盘
10:33:26,105.03,0.02,1,10503,卖盘
10:33:32,105.13,0.1,1,10513,买盘
10:33:34,105.13,0.0,2,21026,买盘
10:33:43,105.05,-0.08,1,10505,卖盘
10:33:50,105.05,0.0,6,63030,买盘
10:33:53,105.05,0.0,5,52525,买盘
10:33:56,105.05,0.0,1,10505,卖盘
10:33:59,105.13,0.08,4,42052,买盘
10:34:01,105.05,-0.08,1,10505,卖盘
10:34:08,105.13,0.08,1,10513,买盘
10:34:11,105.05,-0.08,6,63030,卖盘
10:34:14,105.05,0.0,1,10505,买盘
10:34:17,105.05,0.0,13,136565,买盘
10:34:26,105.05,0.0,1,10505,卖盘
10:34:28,105.13,0.08,1,10513,买盘
10:34:38,105.06,-0.07,1,10506,中性盘
10:34:46,105.13,0.07,5,52565,买盘
10:34:56,105.13,0.0,2,21026,买盘
10:34:59,105.04,-0.09,20,210091,卖盘
10:35:05,105.04,0.0,2,21009,卖盘
10:35:11,105.04,0.0,1,10504,卖盘
10:35:17,105.03,-0.01,2,21006,卖盘
10:35:22,105.04,0.01,1,10504,买盘
10:35:29,105.04,0.0,4,42015,买盘
10:35:38,105.04,0.0,10,105040,买盘
10:35:41,105.04,0.0,4,42016,买盘
10:35:44,105.02,-0.02,1,10502,卖盘
10:35:50,105.04,0.02,1,10504,买盘
10:35:53,105.04,0.0,1,10504,买盘
10:35:56,105.03,-0.01,2,21006,中性盘
10:35:58,105.03,0.0,4,42009,买盘
10:36:05,105.02,-0.01,2,21004,卖盘
10:36:11,105.03,0.01,30,315069,买盘
10:36:16,105.03,0.0,2,21005,买盘
10:36:20,105.03,0.0,1,10503,买盘
10:36:35,105.03,0.0,1,10503,买盘
10:36:38,105.02,-0.01,4,42008,卖盘
10:36:41,105.02,0.0,2,21004,买盘
10:36:43,105.03,0.01,1,10503,买盘
10:36:47,105.01,-0.02,18,189019,卖盘
10:36:50,105.03,0.02,7,73511,买盘
10:36:52,104.95,-0.08,82,861001,卖盘
10:36:55,104.93,-0.02,3,31479,卖盘
10:36:59,104.8,-0.13,38,398432,卖盘
10:37:05,104.92,0.12,1,10492,中性盘
10:37:07,105.0,0.08,7,73498,买盘
10:37:11,104.8,-0.2,23,241040,卖盘
10:37:20,104.99,0.19,1,10499,买盘
10:37:23,104.82,-0.17,10,104820,卖盘
10:37:28,105.01,0.19,5,52426,买盘
10:37:38,105.0,-0.01,2,21000,买盘
10:37:47,105.0,0.0,3,31500,买盘
10:37:50,105.0,0.0,3,31502,卖盘
10:37:53,105.01,0.01,3,31502,买盘
10:37:59,105.01,0.0,5,52505,卖盘
10:38:02,104.99,-0.02,14,146989,卖盘
10:38:05,105.01,0.02,3,31488,买盘
10:38:11,104.86,-0.15,5,52430,卖盘
10:38:14,104.86,0.0,1,10486,买盘
10:38:17,104.86,0.0,1,10486,买盘
10:38:22,105.01,0.15,14,146819,买盘
10:38:26,105.01,0.0,5,52505,买盘
10:38:32,104.89,-0.12,1,10489,卖盘
10:38:40,104.9,0.01,1,10490,中性盘
10:38:49,104.9,0.0,1,10490,买盘
10:38:52,104.9,0.0,1,10490,买盘
10:39:02,104.89,-0.01,1,10489,中性盘
10:39:11,104.87,-0.02,2,20974,卖盘
10:39:17,104.87,0.0,3,31461,买盘
10:39:20,104.87,0.0,2,20974,买盘
10:39:23,104.87,0.0,1,10487,买盘
10:39:26,104.86,-0.01,6,62916,卖盘
10:39:29,104.87,0.01,1,10487,买盘
10:39:32,104.86,-0.01,7,73403,卖盘
10:39:35,104.87,0.01,9,94378,买盘
10:39:38,104.87,0.0,1,10487,买盘
10:39:44,104.87,0.0,6,62921,买盘
10:39:47,104.87,0.0,5,52435,买盘
10:39:50,104.86,-0.01,9,94377,卖盘
10:39:53,104.87,0.01,15,157305,买盘
10:39:56,104.87,0.0,6,62922,中性盘
10:40:02,104.86,-0.01,3,31461,卖盘
10:40:11,104.85,-0.01,13,136316,卖盘
10:40:14,104.96,0.11,18,188799,买盘
10:40:17,104.86,-0.1,1,10486,中性盘
10:40:20,104.87,0.01,1,10487,买盘
10:40:23,104.9,0.03,1,10490,卖盘
10:40:29,104.96,0.06,1,10496,买盘
10:40:32,104.96,0.0,9,94464,买盘
10:40:35,104.96,0.0,5,52480,买盘
10:40:50,105.01,0.05,1,10501,买盘
10:40:53,105.01,0.0,1,10501,买盘
10:40:55,105.01,0.0,2,20999,买盘
10:40:59,104.99,-0.02,1,10499,卖盘
10:41:02,105.01,0.02,1,10501,买盘
10:41:05,105.0,-0.01,2,21001,卖盘
10:41:10,105.0,0.0,6,63000,中性盘
10:41:20,104.98,-0.02,1,10498,卖盘
10:41:23,104.98,0.0,1,10498,买盘
10:41:26,104.97,-0.01,4,41988,卖盘
10:41:32,104.97,0.0,5,52485,卖盘
10:41:41,104.98,0.01,1,10498,买盘
10:41:44,104.97,-0.01,3,31491,卖盘
10:41:50,104.97,0.0,1,10497,买盘
10:41:53,104.97,0.0,8,83976,买盘
10:41:56,104.96,-0.01,2,20993,卖盘
10:41:58,104.96,0.0,1,10496,卖盘
10:42:05,104.96,0.0,55,577280,卖盘
10:42:11,104.92,-0.04,2,20984,卖盘
10:42:13,104.92,0.0,1,10492,买盘
10:42:16,104.92,0.0,1,10492,买盘
10:42:32,104.91,-0.01,5,52455,卖盘
10:42:35,104.92,0.01,1,10492,买盘
10:42:41,104.9,-0.02,2,20980,卖盘
10:42:43,104.91,0.01,1,10491,买盘
10:42:50,104.88,-0.03,19,199294,卖盘
10:42:53,104.88,0.0,3,31464,买盘
10:43:02,104.88,0.0,1,10488,买盘
10:43:11,104.91,0.03,22,230742,买盘
10:43:13,104.98,0.07,5,52490,买盘
10:43:29,104.94,-0.04,2,20992,卖盘
10:43:32,104.94,0.0,1,10494,卖盘
10:43:35,104.92,-0.02,3,31476,买盘
10:43:47,104.92,0.0,1,10492,买盘
10:43:50,104.92,0.0,1,10492,买盘
10:43:52,104.91,-0.01,4,41966,卖盘
10:44:01,104.91,0.0,3,31473,买盘
10:44:05,104.91,0.0,6,62946,买盘
10:44:08,104.92,0.01,1,10492,买盘
10:44:11,104.98,0.06,23,241322,买盘
10:44:14,104.98,0.0,12,125916,买盘
10:44:17,105.0,0.02,3,31500,买盘
10:44:23,105.01,0.01,6,63001,买盘
10:44:40,105.01,0.0,1,10501,买盘
10:44:44,105.03,0.02,7,73509,买盘
10:44:46,105.04,0.01,6,63019,买盘
10:44:50,105.04,0.0,19,199576,买盘
10:44:52,105.05,0.01,4,42020,买盘
10:44:56,105.12,0.07,23,241614,买盘
10:45:10,105.05,-0.07,13,136565,卖盘
10:45:17,105.04,-0.01,3,31514,卖盘
10:45:20,105.05,0.01,1,10505,买盘
10:45:23,105.04,-0.01,7,73528,卖盘
10:45:26,105.04,0.0,5,52516,买盘
10:45:53,105.04,0.0,8,84032,买盘
10:45:55,105.02,-0.02,12,126024,卖盘
10:45:59,105.0,-0.02,26,273041,卖盘
10:46:02,105.02,0.02,5,52514,卖盘
10:46:08,105.02,0.0,8,84016,买盘
10:46:11,105.05,0.03,21,220535,买盘
10:46:14,105.19,0.14,3,31543,买盘
10:46:17,105.19,0.0,3,31557,买盘
10:46:38,105.19,0.0,3,31557,买盘
10:46:40,105.09,-0.1,4,42036,卖盘
10:46:44,105.07,-0.02,9,94563,买盘
10:46:49,105.07,0.0,1,10507,买盘
10:46:52,105.07,0.0,4,42028,买盘
10:46:56,105.1,0.03,2,21017,买盘
10:46:59,105.19,0.09,1,10519,买盘
10:47:05,105.19,0.0,1,10519,买盘
10:47:11,105.07,-0.12,6,63042,卖盘
10:47:14,105.07,0.0,2,21014,买盘
10:47:16,105.05,-0.02,5,52525,卖盘
10:47:23,105.03,-0.02,15,157565,卖盘
10:47:26,105.07,0.04,1,10507,买盘
10:47:28,105.07,0.0,2,21014,买盘
10:47:34,105.05,-0.02,1,10505,卖盘
10:47:38,105.07,0.02,11,115588,买盘
10:47:41,105.07,0.0,1,10507,买盘
10:47:44,105.07,0.0,1,10507,买盘
10:47:53,105.03,-0.04,9,94549,卖盘
10:48:01,105.19,0.16,3,31555,买盘
10:48:05,105.07,-0.12,4,42028,卖盘
10:48:08,105.05,-0.02,10,105038,买盘
10:48:10,105.03,-0.02,4,42012,卖盘
10:48:35,105.03,0.0,26,273078,买盘
10:48:38,105.05,0.02,11,115541,买盘
10:48:41,105.18,0.13,2,21036,买盘
10:48:44,105.19,0.01,2,21038,买盘
10:48:46,105.19,0.0,15,157586,买盘
10:48:49,105.04,-0.15,1,10504,中性盘
10:48:53,105.19,0.15,5,52595,买盘
10:48:56,105.19,0.0,1,10519,买盘
10:49:04,105.2,0.01,3,31558,买盘
10:49:07,105.19,-0.01,2,21038,买盘
10:49:11,105.06,-0.13,3,31518,卖盘
10:49:14,105.06,0.0,4,42024,买盘
10:49:16,105.06,0.0,4,42024,买盘
10:49:20,105.06,0.0,1,10506,买盘
10:49:23,105.06,0.0,1,10506,买盘
10:49:26,105.06,0.0,6,63036,买盘
10:49:29,105.02,-0.04,13,136536,卖盘
10:49:32,105.02,0.0,6,63012,买盘
10:49:50,105.06,0.04,2,21025,卖盘
10:49:53,105.19,0.13,1,10519,买盘
10:50:08,105.2,0.01,2,21033,买盘
10:50:10,105.06,-0.14,14,147126,卖盘
10:50:17,105.03,-0.03,2,21006,卖盘
10:50:23,105.03,0.0,4,42012,卖盘
10:50:44,105.06,0.03,9,94532,买盘
10:50:52,105.05,-0.01,11,115532,中性盘
10:50:59,105.06,0.01,2,21012,买盘
10:51:02,105.06,0.0,3,31518,买盘
10:51:08,105.09,0.03,1,10509,买盘
10:51:11,105.02,-0.07,3,31510,卖盘
10:51:14,105.02,0.0,3,31506,买盘
10:51:17,105.02,0.0,16,167927,买盘
10:51:23,105.2,0.18,1,10520,买盘
10:51:26,105.23,0.03,6,63126,买盘
10:51:35,105.2,-0.03,1,10520,买盘
10:51:37,105.2,0.0,2,21040,买盘
10:51:41,105.23,0.03,3,31566,买盘
10:51:52,105.2,-0.03,7,73648,买盘
10:51:56,105.02,-0.18,18,189156,卖盘
10:51:59,105.25,0.23,2,21050,买盘
10:52:05,105.04,-0.21,1,10504,中性盘
10:52:08,105.23,0.19,3,31569,买盘
10:52:11,105.23,0.0,12,126276,买盘
10:52:14,105.04,-0.19,4,42054,卖盘
10:52:17,105.04,0.0,11,115544,买盘
10:52:25,105.04,0.0,6,63024,买盘
10:52:31,105.04,0.0,5,52520,卖盘
10:52:35,105.04,0.0,14,147056,卖盘
10:52:37,105.04,0.0,12,126049,卖盘
10:52:41,105.04,0.0,1,10504,卖盘
10:52:43,105.23,0.19,1,10523,买盘
10:52:47,105.04,-0.19,1,10504,卖盘
10:52:50,105.23,0.19,7,73537,买盘
10:52:52,105.1,-0.13,9,94618,中性盘
10:52:58,105.23,0.13,2,21027,买盘
10:53:02,105.24,0.01,7,73662,中性盘
10:53:11,105.02,-0.22,21,220614,卖盘
10:53:14,105.24,0.22,1,10524,买盘
10:53:19,105.08,-0.16,8,84078,卖盘
10:53:22,105.08,0.0,1,10508,买盘
10:53:26,105.08,0.0,1,10508,买盘
10:53:32,105.08,0.0,1,10508,买盘
10:53:38,105.08,0.0,8,84064,买盘
10:53:44,105.24,0.16,1,10524,买盘
10:53:53,105.24,0.0,3,31572,买盘
10:53:56,105.24,0.0,3,31572,卖盘
10:53:59,105.25,0.01,3,31573,买盘
10:54:02,105.24,-0.01,26,273624,卖盘
10:54:11,105.24,0.0,14,147336,买盘
10:54:13,105.1,-0.14,6,63060,卖盘
10:54:19,105.1,0.0,1,10510,买盘
10:54:26,105.1,0.0,1,10510,买盘
10:54:28,105.08,-0.02,1,10508,卖盘
10:54:35,105.1,0.02,1,10510,买盘
10:54:38,105.1,0.0,1,10510,买盘
10:54:44,105.08,-0.02,2,21016,卖盘
10:54:46,105.03,-0.05,5,52517,卖盘
10:54:53,105.04,0.01,3,31512,买盘
10:55:01,105.03,-0.01,2,21006,卖盘
10:55:05,105.04,0.01,3,31512,买盘
10:55:11,105.04,0.0,1,10504,买盘
10:55:14,105.03,-0.01,2,21006,卖盘
10:55:17,105.02,-0.01,1,10502,卖盘
10:55:20,105.03,0.01,3,31509,买盘
10:55:23,105.03,0.0,1,10503,买盘
10:55:26,105.02,-0.01,8,84020,卖盘
10:55:28,105.03,0.01,1,10503,买盘
10:55:32,105.03,0.0,1,10503,买盘
10:55:41,105.02,-0.01,6,63012,卖盘
10:55:45,105.03,0.01,1,10503,买盘
10:55:47,105.03,0.0,1,10503,买盘
10:55:49,105.03,0.0,1,10503,买盘
10:55:52,105.04,0.01,6,63020,买盘
10:55:56,105.04,0.0,2,21008,买盘
10:56:00,105.04,0.0,2,21008,买盘
10:56:02,105.04,0.0,2,21008,买盘
10:56:05,105.04,0.0,3,31512,买盘
10:56:08,105.03,-0.01,12,126044,卖盘
10:56:11,105.08,0.05,1,10508,买盘
10:56:14,105.08,0.0,26,273076,买盘
10:56:17,105.08,0.0,1,10508,买盘
10:56:20,105.1,0.02,3,31526,买盘
10:56:26,105.26,0.16,4,42086,买盘
10:56:28,105.26,0.0,12,126312,卖盘
10:56:31,105.1,-0.16,2,21020,卖盘
10:56:35,105.27,0.17,1,10527,买盘
10:56:43,105.27,0.0,1,10527,买盘
10:56:50,105.08,-0.19,15,157640,卖盘
10:56:52,105.08,0.0,1,10508,买盘
10:56:56,105.06,-0.02,13,136582,卖盘
10:57:02,105.08,0.02,15,157620,买盘
10:57:13,105.08,0.0,2,21016,卖盘
10:57:20,105.08,0.0,1,10508,买盘
10:57:23,105.08,0.0,5,52540,买盘
10:57:26,105.08,0.0,2,21016,买盘
10:57:28,105.08,0.0,13,136604,买盘
10:57:35,105.08,0.0,3,31524,卖盘
10:57:38,105.25,0.17,2,21052,中性盘
10:57:40,105.27,0.02,3,31543,买盘
10:57:47,105.27,0.0,10,105270,买盘
10:57:52,105.06,-0.21,6,63082,卖盘
10:57:56,105.06,0.0,6,63036,买盘
10:57:59,105.06,0.0,1,10506,买盘
10:58:02,105.06,0.0,4,42024,买盘
10:58:14,105.08,0.02,5,52540,卖盘
10:58:16,105.08,0.0,5,52540,买盘
10:58:20,105.08,0.0,11,115588,买盘
10:58:30,105.08,0.0,1,10508,卖盘
10:58:35,105.25,0.17,25,263125,买盘
10:58:37,105.26,0.01,1,10526,买盘
10:58:51,105.08,-0.18,6,63048,卖盘
10:58:53,105.08,0.0,5,52540,买盘
10:58:56,105.08,0.0,5,52540,买盘
10:59:00,105.08,0.0,2,21016,买盘
10:59:05,105.07,-0.01,11,115580,卖盘
10:59:12,105.27,0.2,1,10527,买盘
10:59:15,105.07,-0.2,8,84056,卖盘
10:59:16,105.05,-0.02,15,157586,卖盘
10:59:21,105.07,0.02,1,10507,买盘
10:59:29,105.07,0.0,1,10507,买盘
10:59:32,105.06,-0.01,1,10506,卖盘
10:59:45,105.06,0.0,1,10506,买盘
10:59:47,105.07,0.01,3,31521,买盘
10:59:53,105.07,0.0,1,10507,买盘
10:59:56,105.07,0.0,8,84056,买盘
11:00:00,105.06,-0.01,15,157597,卖盘
11:00:01,105.06,0.0,1,10506,卖盘
11:00:15,105.06,0.0,24,252144,卖盘
11:00:16,105.27,0.21,2,21054,买盘
11:00:20,105.25,-0.02,4,42100,买盘
11:00:30,105.25,0.0,1,10525,买盘
11:00:31,105.25,0.0,6,63150,卖盘
11:00:42,105.06,-0.19,15,157590,卖盘
11:00:45,105.03,-0.03,12,126068,卖盘
11:00:57,105.25,0.22,2,21050,买盘
11:01:00,105.25,0.0,1,10525,买盘
11:01:02,105.25,0.0,1,10525,买盘
11:01:15,105.05,-0.2,21,220590,卖盘
11:01:16,105.05,0.0,6,63030,买盘
11:01:22,105.04,-0.01,12,126048,卖盘
11:01:40,105.25,0.21,14,147270,买盘
11:01:43,105.25,0.0,1,10525,买盘
11:01:57,105.25,0.0,1,10525,买盘
11:02:05,105.19,-0.06,28,294299,中性盘
11:02:15,105.05,-0.14,19,199595,卖盘
11:02:16,105.19,0.14,2,21038,买盘
11:02:21,105.19,0.0,1,10519,买盘
11:02:23,105.19,0.0,19,199889,卖盘
11:02:26,105.25,0.06,6,63150,买盘
11:02:30,105.25,0.0,3,31575,买盘
11:02:32,105.25,0.0,5,52625,买盘
11:02:35,105.25,0.0,5,52625,买盘
11:02:38,105.26,0.01,28,294704,买盘
11:02:41,105.25,-0.01,2,21051,卖盘
11:02:47,105.26,0.01,13,136836,买盘
11:02:50,105.26,0.0,2,21052,卖盘
11:02:53,105.25,-0.01,11,115783,卖盘
11:02:56,105.27,0.02,3,31580,买盘
11:03:00,105.16,-0.11,3,31548,卖盘
11:03:02,105.16,0.0,7,73612,买盘
11:03:07,105.16,0.0,4,42064,卖盘
11:03:12,105.14,-0.02,2,21028,买盘
11:03:15,105.13,-0.01,1,10513,中性盘
11:03:26,105.07,-0.06,12,126085,卖盘
11:03:30,105.12,0.05,1,10512,买盘
11:03:36,105.12,0.0,2,21024,买盘
11:03:42,105.07,-0.05,1,10507,卖盘
11:03:45,105.12,0.05,1,10512,买盘
11:03:50,105.1,-0.02,14,147166,卖盘
11:03:57,105.1,0.0,3,31530,买盘
11:04:08,105.07,-0.03,8,84056,卖盘
11:04:12,105.07,0.0,14,147098,卖盘
11:04:16,105.07,0.0,4,42028,买盘
11:04:20,105.07,0.0,3,31521,买盘
11:04:23,105.04,-0.03,5,52530,卖盘
11:04:31,105.04,0.0,11,115548,卖盘
11:04:47,105.07,0.03,1,10507,买盘
11:04:55,105.07,0.0,2,21014,买盘
11:05:01,105.05,-0.02,1,10505,卖盘
11:05:06,105.05,0.0,1,10505,卖盘
11:05:15,105.05,0.0,29,304632,卖盘
11:05:20,105.05,0.0,1,10505,买盘
11:05:27,105.05,0.0,1,10505,买盘
11:05:36,105.05,0.0,12,126070,买盘
11:05:41,105.04,-0.01,6,63027,卖盘
11:05:45,105.05,0.01,10,105050,卖盘
11:05:57,105.13,0.08,14,147102,买盘
11:06:02,105.05,-0.08,1,10505,卖盘
11:06:06,105.13,0.08,1,10513,买盘
11:06:13,105.05,-0.08,19,199595,卖盘
11:06:20,105.13,0.08,1,10513,买盘
11:06:23,105.27,0.14,17,178954,买盘
11:06:32,105.27,0.0,1,10527,买盘
11:06:38,105.13,-0.14,9,94673,卖盘
11:06:42,105.27,0.14,17,178751,买盘
11:06:45,105.27,0.0,1,10527,买盘
11:06:47,105.13,-0.14,1,10513,卖盘
11:06:51,105.27,0.14,4,42108,买盘
11:06:56,105.28,0.01,3,31583,买盘
11:07:07,105.27,-0.01,3,31581,买盘
11:07:15,105.14,-0.13,8,84177,卖盘
11:07:21,105.14,0.0,1,10514,买盘
11:07:27,105.13,-0.01,30,315390,卖盘
11:07:37,105.11,-0.02,3,31533,卖盘
11:07:42,105.11,0.0,22,231242,卖盘
11:07:45,105.12,0.01,1,10512,买盘
11:07:47,105.06,-0.06,4,42039,卖盘
11:07:53,105.1,0.04,50,525213,买盘
11:07:57,105.1,0.0,2,21020,买盘
11:08:00,105.1,0.0,6,63052,买盘
11:08:01,105.1,0.0,3,31526,买盘
11:08:05,105.05,-0.05,8,84060,卖盘
11:08:08,105.04,-0.01,14,147056,卖盘
11:08:12,105.05,0.01,11,115555,买盘
11:08:15,105.04,-0.01,21,220595,卖盘
11:08:17,105.03,-0.01,1,10503,卖盘
11:08:23,105.01,-0.02,26,273042,卖盘
11:08:25,105.01,0.0,3,31503,卖盘
11:08:30,105.02,0.01,2,21005,中性盘
11:08:32,105.01,-0.01,2,21002,卖盘
11:08:35,105.01,0.0,2,21004,卖盘
11:08:38,105.01,0.0,1,10501,卖盘
11:08:45,105.11,0.1,100,1050991,买盘
11:08:47,105.01,-0.1,9,94511,卖盘
11:08:51,105.0,-0.01,6,63004,卖盘
11:08:57,105.11,0.11,2,21022,买盘
11:09:06,105.05,-0.06,42,441210,卖盘
11:09:15,105.05,0.0,16,168080,卖盘
11:09:21,105.11,0.06,11,115621,买盘
11:09:23,105.11,0.0,2,21022,买盘
11:09:30,105.05,-0.06,10,105050,卖盘
11:09:35,105.1,0.05,2,21020,买盘
11:09:47,105.05,-0.05,36,378180,卖盘
11:09:53,105.03,-0.02,2,21006,买盘
11:09:56,105.03,0.0,7,73509,买盘
11:10:09,105.01,-0.02,1,10501,买盘
11:10:10,105.01,0.0,2,21002,买盘
11:10:15,105.0,-0.01,1,10500,卖盘
11:10:30,105.01,0.01,27,283501,买盘
11:10:36,105.01,0.0,1,10501,买盘
11:10:37,105.01,0.0,1,10501,卖盘
11:10:41,105.0,-0.01,20,210003,卖盘
11:10:51,105.01,0.01,15,157515,卖盘
11:10:57,105.0,-0.01,6,63002,卖盘
11:11:02,105.0,0.0,16,168000,卖盘
11:11:12,105.0,0.0,19,199500,卖盘
11:11:15,105.0,0.0,27,283501,卖盘
11:11:17,105.0,0.0,2,21000,买盘
11:11:20,104.99,-0.01,10,104990,卖盘
11:11:41,105.0,0.01,31,325500,买盘
11:11:46,105.01,0.01,10,105010,买盘
11:11:50,105.01,0.0,3,31501,买盘
11:11:56,105.03,0.02,4,42010,买盘
11:12:05,105.0,-0.03,11,115500,卖盘
11:12:09,105.03,0.03,1,10503,买盘
11:12:13,105.0,-0.03,44,462000,卖盘
11:12:27,105.02,0.02,1,10502,买盘
11:12:31,105.03,0.01,3,31509,买盘
11:12:45,105.01,-0.02,1,10501,买盘
11:12:55,105.0,-0.01,30,315000,卖盘
11:13:00,105.01,0.01,1,10501,买盘
11:13:05,105.11,0.1,2,21022,买盘
11:13:07,105.13,0.02,2,21026,卖盘
11:13:13,105.13,0.0,2,21026,卖盘
11:13:20,105.13,0.0,3,31539,买盘
11:13:23,105.13,0.0,17,178721,买盘
11:13:30,105.13,0.0,14,147182,卖盘
11:13:31,105.03,-0.1,5,52555,卖盘
11:13:37,105.11,0.08,13,136643,卖盘
11:13:41,105.09,-0.02,10,105090,买盘
11:13:56,105.11,0.02,2,21020,买盘
11:14:11,105.09,-0.02,1,10509,卖盘
11:14:15,105.09,0.0,4,42036,卖盘
11:14:20,105.03,-0.06,42,441126,卖盘
11:14:22,105.03,0.0,11,115533,卖盘
11:14:30,105.01,-0.02,8,84008,卖盘
11:14:31,105.0,-0.01,6,63001,卖盘
11:14:43,105.0,0.0,27,283500,卖盘
11:14:47,105.0,0.0,1,10500,卖盘
11:14:50,105.0,0.0,1,10500,卖盘
11:15:00,105.08,0.08,11,115524,买盘
11:15:05,105.0,-0.08,8,84000,卖盘
11:15:09,105.0,0.0,10,105000,卖盘
11:15:12,105.0,0.0,1,10500,卖盘
11:15:17,104.99,-0.01,5,52496,卖盘
11:15:21,104.97,-0.02,21,220437,卖盘
11:15:23,104.94,-0.03,6,62976,卖盘
11:15:26,104.94,0.0,2,20985,买盘
11:15:37,104.89,-0.05,7,73429,卖盘
11:15:41,104.9,0.01,10,104900,买盘
11:15:43,104.9,0.0,1,10490,买盘
11:15:46,104.89,-0.01,2,20978,卖盘
11:15:52,104.89,0.0,1,10489,买盘
11:15:57,104.88,-0.01,5,52440,卖盘
11:15:58,104.9,0.02,2,20979,买盘
11:16:05,104.87,-0.03,18,188777,卖盘
11:16:11,104.9,0.03,1,10490,买盘
11:16:15,104.87,-0.03,1,10487,卖盘
11:16:17,104.87,0.0,7,73409,买盘
11:16:25,104.86,-0.01,12,125833,卖盘
11:16:30,104.87,0.01,11,115357,买盘
11:16:31,104.86,-0.01,10,104860,卖盘
11:16:39,104.87,0.01,1,10487,买盘
11:16:41,104.87,0.0,6,62922,买盘
11:16:45,104.99,0.12,8,83954,买盘
11:16:47,104.9,-0.09,16,167840,卖盘
11:16:51,104.9,0.0,1,10490,卖盘
11:17:00,105.09,0.19,3,31526,买盘
11:17:16,104.95,-0.14,14,146930,卖盘
11:17:30,104.9,-0.05,19,199340,卖盘
11:17:39,104.94,0.04,1,10494,买盘
11:17:50,104.94,0.0,2,20988,买盘
11:17:53,104.94,0.0,2,20988,买盘
11:17:55,104.95,0.01,3,31483,买盘
11:18:05,104.95,0.0,2,20990,买盘
11:18:15,104.94,-0.01,8,83952,卖盘
11:18:20,104.94,0.0,1,10494,买盘
11:18:30,104.94,0.0,1,10494,买盘
11:18:31,104.93,-0.01,11,115423,卖盘
11:18:35,104.93,0.0,11,115427,卖盘
11:18:37,104.94,0.01,8,83947,买盘
11:18:42,104.94,0.0,7,73458,买盘
11:18:50,104.93,-0.01,3,31480,卖盘
11:19:00,104.94,0.01,2,20988,买盘
11:19:02,104.94,0.0,2,20988,买盘
11:19:13,104.92,-0.02,14,146900,卖盘
11:19:16,104.93,0.01,1,10493,中性盘
11:19:23,104.93,0.0,9,94431,买盘
11:19:27,104.93,0.0,11,115423,买盘
11:19:32,104.93,0.0,1,10493,买盘
11:19:35,104.93,0.0,3,31479,买盘
11:19:41,104.93,0.0,1,10493,买盘
11:19:45,104.9,-0.03,100,1049085,卖盘
11:19:53,104.93,0.03,7,73451,买盘
11:19:57,104.9,-0.03,14,146874,卖盘
11:20:02,104.95,0.05,2,20990,买盘
11:20:15,104.94,-0.01,2,20988,卖盘
11:20:17,104.92,-0.02,9,94443,卖盘
11:20:20,104.94,0.02,11,115434,买盘
11:20:27,104.94,0.0,1,10494,买盘
11:20:39,104.94,0.0,3,31482,买盘
11:20:47,104.94,0.0,6,62964,卖盘
11:20:56,104.94,0.0,1,10494,买盘
11:20:58,104.9,-0.04,43,451131,卖盘
11:21:02,104.94,0.04,1,10494,买盘
11:21:06,104.94,0.0,3,31482,买盘
11:21:11,104.95,0.01,2,20990,买盘
11:21:17,104.94,-0.01,9,94446,卖盘
11:21:21,104.95,0.01,12,125930,买盘
11:21:27,104.92,-0.03,3,31478,卖盘
11:21:30,104.92,0.0,2,20984,卖盘
11:21:36,104.94,0.02,5,52470,买盘
11:21:39,104.94,0.0,1,10494,买盘
11:21:42,104.92,-0.02,17,178360,卖盘
11:21:46,104.92,0.0,4,41968,买盘
11:21:50,104.94,0.02,1,10494,买盘
11:21:58,104.95,0.01,3,31485,买盘
11:22:02,104.91,-0.04,23,241316,卖盘
11:22:06,104.91,0.0,5,52455,买盘
11:22:09,104.91,0.0,2,20982,买盘
11:22:11,104.91,0.0,93,975663,买盘
11:22:17,104.95,0.04,5,52471,买盘
11:22:21,104.95,0.0,8,83960,买盘
11:22:23,104.91,-0.04,16,167869,卖盘
11:22:31,104.99,0.08,4,41996,买盘
11:22:56,104.99,0.0,4,41996,卖盘
11:23:00,105.09,0.1,6,63006,买盘
11:23:02,104.99,-0.1,23,241477,卖盘
11:23:05,104.97,-0.02,14,146960,卖盘
11:23:09,104.97,0.0,1,10497,买盘
11:23:22,104.97,0.0,1,10497,买盘
11:23:31,104.97,0.0,2,20994,买盘
11:23:35,104.96,-0.01,8,83968,卖盘
11:23:37,104.97,0.01,3,31491,买盘
11:23:54,104.96,-0.01,2,20992,卖盘
11:23:56,104.97,0.01,10,104970,买盘
11:23:58,104.97,0.0,2,20994,买盘
11:24:05,104.96,-0.01,1,10496,卖盘
11:24:09,104.97,0.01,5,52485,买盘
11:24:11,104.97,0.0,16,167937,买盘
11:24:27,104.97,0.0,2,20994,买盘
11:24:28,105.08,0.11,2,21015,买盘
11:24:32,105.08,0.0,2,21016,买盘
11:24:36,105.08,0.0,3,31524,买盘
11:24:41,105.1,0.02,7,73566,买盘
11:24:47,105.11,0.01,7,73577,买盘
11:24:50,105.08,-0.03,21,220702,卖盘
11:24:53,105.19,0.11,3,31541,买盘
11:24:57,105.2,0.01,1,10520,买盘
11:24:58,105.2,0.0,5,52600,买盘
11:25:01,105.2,0.0,1,10520,买盘
11:25:05,105.25,0.05,1,10525,卖盘
11:25:07,105.19,-0.06,12,126236,卖盘
11:25:13,105.25,0.06,1,10525,买盘
11:25:23,105.25,0.0,2,21050,买盘
11:25:27,105.25,0.0,1,10525,买盘
11:25:32,105.19,-0.06,16,168310,卖盘
11:25:39,105.25,0.06,1,10525,买盘
11:25:42,105.25,0.0,3,31575,买盘
11:25:50,105.25,0.0,1,10525,买盘
11:25:53,105.26,0.01,4,42103,买盘
11:26:00,105.26,0.0,2,21052,买盘
11:26:06,105.27,0.01,1,10527,买盘
11:26:12,105.26,-0.01,2,21053,卖盘
11:26:15,105.19,-0.07,10,105199,卖盘
11:26:16,105.16,-0.03,28,294470,卖盘
11:26:20,105.0,-0.16,10,105000,买盘
11:26:30,105.0,0.0,2,21000,买盘
11:26:35,105.0,0.0,1,10500,买盘
11:26:45,105.0,0.0,2,21000,买盘
11:26:47,104.98,-0.02,10,104980,卖盘
11:26:58,105.0,0.02,2,21000,买盘
11:27:02,104.98,-0.02,1,10498,卖盘
11:27:05,104.98,0.0,4,41992,卖盘
11:27:17,104.97,-0.01,23,241452,卖盘
11:27:20,104.98,0.01,7,73486,买盘
11:27:26,105.0,0.02,1,10500,买盘
11:27:37,105.0,0.0,2,21000,买盘
11:27:47,105.0,0.0,1,10500,买盘
11:27:50,104.98,-0.02,6,62992,卖盘
11:27:53,104.98,0.0,18,188981,卖盘
11:27:57,104.98,0.0,4,41992,卖盘
11:28:00,104.97,-0.01,14,146967,卖盘
11:28:01,105.0,0.03,3,31500,买盘
11:28:12,105.0,0.0,1,10500,买盘
11:28:15,104.98,-0.02,1,10498,卖盘
11:28:23,104.98,0.0,12,125976,卖盘
11:28:31,104.98,0.0,1,10498,卖盘
11:28:41,104.96,-0.02,29,304436,卖盘
11:28:45,104.96,0.0,2,20991,买盘
11:28:47,104.95,-0.01,5,52475,卖盘
11:28:51,104.95,0.0,3,31485,卖盘
11:28:53,104.96,0.01,3,31486,买盘
11:29:02,104.95,-0.01,9,94454,买盘
11:29:05,104.95,0.0,1,10495,买盘
11:29:09,104.94,-0.01,1,10494,卖盘
11:29:15,104.96,0.02,1,10496,买盘
11:29:21,104.96,0.0,3,31488,买盘
11:29:22,104.96,0.0,6,62971,买盘
11:29:27,104.94,-0.02,22,230868,卖盘
11:29:30,104.94,0.0,3,31482,中性盘
11:29:32,104.94,0.0,1,10494,买盘
11:29:40,104.94,0.0,5,52470,买盘
11:29:53,104.94,0.0,1,10494,买盘
11:30:00,104.96,0.02,4,41978,买盘
13:00:02,104.9,-0.06,164,1720464,卖盘
13:00:05,104.9,0.0,90,944083,买盘
13:00:09,104.9,0.0,3,31470,买盘
13:00:12,104.9,0.0,50,524489,买盘
13:00:18,104.9,0.0,13,136370,买盘
13:00:21,104.89,-0.01,1,10489,买盘
13:00:24,104.9,0.01,7,73427,买盘
13:00:27,104.9,0.0,48,503480,买盘
13:00:30,104.9,0.0,2,20980,买盘
13:00:33,104.9,0.0,71,744790,买盘
13:00:36,104.9,0.0,45,472050,买盘
13:00:38,104.9,0.0,20,209800,买盘
13:00:42,104.9,0.0,20,209800,买盘
13:00:45,104.9,0.0,12,125880,买盘
13:00:48,104.9,0.0,14,146860,买盘
13:00:51,104.91,0.01,9,94412,买盘
13:00:54,104.92,0.01,3,31474,买盘
13:00:57,104.91,-0.01,1,10491,买盘
13:00:59,104.92,0.01,10,104920,买盘
13:01:02,104.95,0.03,28,293827,买盘
13:01:06,104.98,0.03,15,157455,买盘
13:01:08,104.8,-0.18,221,2317275,卖盘
13:01:12,104.98,0.18,320,3354338,买盘
13:01:15,104.83,-0.15,10,104895,中性盘
13:01:18,104.81,-0.02,8,83865,卖盘
13:01:21,104.94,0.13,1,10494,买盘
13:01:23,104.94,0.0,6,62964,中性盘
13:01:26,104.96,0.02,1,10496,买盘
13:01:30,105.0,0.04,7,73411,买盘
13:01:36,105.25,0.25,7,73675,买盘
13:01:39,104.83,-0.42,27,283541,卖盘
13:01:42,105.25,0.42,10,105250,买盘
13:01:45,105.25,0.0,2,21050,卖盘
13:01:48,105.25,0.0,3,31575,买盘
13:01:51,105.25,0.0,7,73675,买盘
13:01:54,105.25,0.0,4,42100,买盘
13:01:57,105.27,0.02,10,105259,买盘
13:02:00,104.9,-0.37,1,10490,中性盘
13:02:02,105.27,0.37,9,94743,买盘
13:02:06,105.28,0.01,8,84224,买盘
13:02:09,105.3,0.02,7,73710,买盘
13:02:12,105.35,0.05,4,42140,买盘
13:02:15,105.36,0.01,15,158023,买盘
13:02:17,104.9,-0.46,124,1300892,卖盘
13:02:21,104.9,0.0,45,472040,买盘
13:02:23,104.9,0.0,2,20980,买盘
13:02:27,104.88,-0.02,42,440536,卖盘
13:02:33,104.88,0.0,14,146858,卖盘
13:02:38,104.9,0.02,11,115390,买盘
13:02:42,104.9,0.0,1,10490,买盘
13:02:45,104.88,-0.02,1,10488,卖盘
13:02:48,104.9,0.02,1,10490,买盘
13:02:50,104.9,0.0,6,62940,买盘
13:02:54,104.9,0.0,2,20980,买盘
13:03:03,104.9,0.0,1,10490,买盘
13:03:15,104.9,0.0,4,41960,买盘
13:03:21,104.9,0.0,2,20980,买盘
13:03:26,104.9,0.0,6,62940,买盘
13:03:30,104.9,0.0,10,104900,买盘
13:03:42,104.9,0.0,7,73425,买盘
13:03:45,104.89,-0.01,10,104890,卖盘
13:03:48,104.89,0.0,11,115379,卖盘
13:03:51,104.89,0.0,43,451023,卖盘
13:03:54,104.88,-0.01,3,31465,卖盘
13:03:57,104.88,0.0,2,20976,卖盘
13:04:03,104.88,0.0,7,73413,买盘
13:04:08,104.88,0.0,1,10488,卖盘
13:04:11,104.88,0.0,1,10488,卖盘
13:04:15,104.88,0.0,5,52444,卖盘
13:04:18,104.9,0.02,5,52446,买盘
13:04:21,104.88,-0.02,22,230727,卖盘
13:04:24,104.88,0.0,2,20976,买盘
13:04:26,104.88,0.0,1,10488,买盘
13:04:30,104.87,-0.01,3,31461,卖盘
13:04:33,104.88,0.01,9,94385,买盘
13:04:39,104.89,0.01,9,94401,买盘
13:04:41,104.89,0.0,15,157331,卖盘
13:04:45,104.89,0.0,2,20978,卖盘
13:04:47,104.88,-0.01,12,125856,卖盘
13:04:51,104.85,-0.03,19,199248,卖盘
13:04:54,104.89,0.04,1,10489,买盘
13:04:57,104.89,0.0,68,713250,买盘
13:05:02,104.88,-0.01,6,62928,卖盘
13:05:32,104.89,0.01,1,10489,买盘
13:05:36,104.89,0.0,2,20978,买盘
13:05:39,104.89,0.0,4,41956,买盘
13:05:41,104.89,0.0,1,10489,买盘
13:05:44,104.88,-0.01,27,283177,卖盘
13:05:48,104.88,0.0,5,52440,买盘
13:05:51,104.85,-0.03,7,73395,卖盘
13:05:54,104.81,-0.04,3,31451,卖盘
13:05:59,104.81,0.0,22,230659,卖盘
13:06:06,104.88,0.07,7,73416,买盘
13:06:17,104.88,0.0,1,10488,买盘
13:06:24,104.85,-0.03,2,20970,卖盘
13:06:30,104.88,0.03,1,10488,买盘
13:06:36,104.88,0.0,11,115368,买盘
13:06:38,104.6,-0.28,197,2062612,卖盘
13:06:42,104.59,-0.01,16,167359,卖盘
13:06:48,104.6,0.01,384,4016640,买盘
13:06:50,104.61,0.01,166,1730610,买盘
13:06:53,104.61,0.0,3,31430,卖盘
13:06:57,104.72,0.11,3,31431,卖盘
13:07:00,104.72,0.0,4,41888,买盘
13:07:06,104.67,-0.05,1,10467,中性盘
13:07:09,104.72,0.05,1,10472,买盘
13:07:18,104.77,0.05,1,10477,买盘
13:07:24,104.7,-0.07,1,10470,中性盘
13:07:26,104.77,0.07,6,62862,买盘
13:07:33,104.77,0.0,1,10477,买盘
13:07:36,104.85,0.08,21,220114,买盘
13:07:41,104.85,0.0,1,10485,买盘
13:07:48,104.85,0.0,1,10485,买盘
13:07:51,104.85,0.0,3,31455,买盘
13:07:57,104.82,-0.03,3,31446,买盘
13:08:00,104.82,0.0,3,31446,买盘
13:08:03,104.85,0.03,4,41934,买盘
13:08:08,104.82,-0.03,11,115305,卖盘
13:08:15,104.84,0.02,2,20968,卖盘
13:08:24,104.85,0.01,1,10485,买盘
13:08:27,104.85,0.0,1,10485,买盘
13:08:41,104.85,0.0,1,10485,买盘
13:08:44,104.85,0.0,1,10485,买盘
13:08:48,104.84,-0.01,63,660600,卖盘
13:08:53,104.82,-0.02,16,167735,卖盘
13:08:57,104.88,0.06,24,251712,买盘
13:08:59,104.84,-0.04,3,31452,买盘
13:09:02,104.84,0.0,5,52420,买盘
13:09:05,104.88,0.04,3,31464,买盘
13:09:09,104.88,0.0,2,20976,买盘
13:09:12,104.91,0.03,3,31468,买盘
13:09:15,104.88,-0.03,6,63141,卖盘
13:09:18,104.88,0.0,2,20976,卖盘
13:09:27,104.96,0.08,11,115413,买盘
13:09:29,104.96,0.0,7,73472,买盘
13:09:33,104.96,0.0,2,20992,买盘
13:09:36,104.96,0.0,1,10496,买盘
13:09:39,104.96,0.0,2,20992,买盘
13:09:42,104.96,0.0,4,41974,买盘
13:09:45,104.96,0.0,1,10496,买盘
13:09:48,105.05,0.09,1,10505,买盘
13:10:08,105.05,0.0,5,52528,卖盘
13:10:12,105.05,0.0,6,63034,卖盘
13:10:17,105.05,0.0,5,52525,卖盘
13:10:20,105.05,0.0,7,73535,卖盘
13:10:23,105.05,0.0,1,10505,卖盘
13:10:32,105.05,0.0,2,21010,卖盘
13:10:38,105.14,0.09,1,10514,买盘
13:10:42,105.14,0.0,2,21028,买盘
13:10:45,105.14,0.0,1,10514,买盘
13:10:51,105.14,0.0,1,10514,买盘
13:11:00,105.14,0.0,8,84112,买盘
13:11:03,105.19,0.05,2,21036,买盘
13:11:06,105.05,-0.14,1,10505,卖盘
13:11:23,105.05,0.0,5,52525,卖盘
13:11:27,105.17,0.12,1,10517,中性盘
13:11:30,105.17,0.0,3,31551,买盘
13:11:32,105.16,-0.01,1,10516,中性盘
13:11:35,105.17,0.01,1,10517,买盘
13:11:38,105.16,-0.01,1,10516,中性盘
13:11:48,105.18,0.02,1,10518,买盘
13:11:51,105.16,-0.02,1,10516,卖盘
13:11:54,105.16,0.0,7,73613,卖盘
13:11:56,105.16,0.0,2,21032,买盘
13:12:14,105.08,-0.08,1,10508,卖盘
13:12:24,105.16,0.08,3,31548,买盘
13:12:26,105.15,-0.01,3,31545,中性盘
13:12:30,105.08,-0.07,12,126111,卖盘
13:12:32,105.16,0.08,1,10516,买盘
13:12:36,105.15,-0.01,3,31546,卖盘
13:12:45,105.16,0.01,2,21032,买盘
13:12:48,105.16,0.0,3,31548,买盘
13:12:50,105.15,-0.01,15,157725,卖盘
13:13:03,105.09,-0.06,2,21018,卖盘
13:13:05,105.09,0.0,5,52557,卖盘
13:13:09,105.15,0.06,13,136695,买盘
13:13:12,105.09,-0.06,3,33646,卖盘
13:13:15,105.15,0.06,2,21030,买盘
13:13:18,105.15,0.0,3,31540,买盘
13:13:23,105.1,-0.05,3,31535,卖盘
13:13:33,105.15,0.05,1,10515,买盘
13:13:35,105.16,0.01,3,31546,买盘
13:13:42,105.11,-0.05,3,31538,卖盘
13:13:54,105.16,0.05,4,42063,买盘
13:13:57,105.11,-0.05,1,10511,卖盘
13:14:15,105.11,0.0,8,84088,卖盘
13:14:18,105.13,0.02,3,31539,卖盘
13:14:20,105.13,0.0,2,21026,卖盘
13:14:24,105.13,0.0,2,21026,买盘
13:14:27,105.15,0.02,3,31545,买盘
13:14:30,105.15,0.0,2,21030,买盘
13:14:36,105.16,0.01,3,31547,买盘
13:14:39,105.13,-0.03,22,231302,卖盘
13:14:41,105.13,0.0,5,52565,买盘
13:14:47,105.16,0.03,2,21032,买盘
13:14:51,105.16,0.0,1,10516,买盘
13:14:54,105.16,0.0,1,10516,买盘
13:14:57,105.16,0.0,3,31546,中性盘
13:15:00,105.17,0.01,2,21034,买盘
13:15:02,105.18,0.01,4,42072,买盘
13:15:06,105.17,-0.01,1,10517,买盘
13:15:26,105.17,0.0,3,31552,买盘
13:15:33,105.17,0.0,2,21034,买盘
13:15:36,105.17,0.0,1,10517,买盘
13:15:42,105.16,-0.01,5,52580,卖盘
13:15:45,105.17,0.01,2,21034,买盘
13:16:02,105.17,0.0,3,31551,买盘
13:16:05,105.18,0.01,8,84140,买盘
13:16:08,105.18,0.0,1,10518,买盘
13:16:11,105.17,-0.01,2,21034,买盘
13:16:15,105.18,0.01,1,10518,买盘
13:16:17,105.19,0.01,2,21037,买盘
13:16:24,105.19,0.0,1,10519,买盘
13:16:27,105.19,0.0,1,10519,买盘
13:16:39,105.19,0.0,2,21037,买盘
13:16:45,105.19,0.0,1,10519,买盘
13:16:47,105.19,0.0,3,31559,卖盘
13:16:51,105.2,0.01,13,136736,买盘
13:17:03,105.2,0.0,1,10520,买盘
13:17:06,105.2,0.0,1,10520,买盘
13:17:09,105.21,0.01,1,10521,卖盘
13:17:12,105.23,0.02,2,21046,买盘
13:17:14,105.23,0.0,4,42092,买盘
13:17:17,105.34,0.11,2,21068,买盘
13:17:24,105.23,-0.11,1,10523,卖盘
13:17:30,105.25,0.02,1,10525,卖盘
13:17:33,105.34,0.09,3,31602,中性盘
13:17:36,105.34,0.0,1,10534,买盘
13:17:45,105.34,0.0,1,10534,买盘
13:17:53,105.25,-0.09,3,31577,卖盘
13:17:59,105.34,0.09,3,31602,买盘
13:18:14,105.28,-0.06,1,10528,买盘
13:18:33,105.31,0.03,1,10531,买盘
13:18:44,105.3,-0.01,7,73710,卖盘
13:18:47,105.31,0.01,12,126372,买盘
13:18:57,105.32,0.01,1,10532,买盘
13:19:00,105.32,0.0,12,126373,买盘
13:19:02,105.32,0.0,1,10532,买盘
13:19:05,105.32,0.0,10,105320,买盘
13:19:09,105.32,0.0,8,84256,买盘
13:19:12,105.32,0.0,7,73724,买盘
13:19:15,105.32,0.0,10,105320,买盘
13:19:18,105.32,0.0,1,10532,买盘
13:19:23,105.31,-0.01,1,10531,卖盘
13:19:30,105.32,0.01,4,42127,买盘
13:19:32,105.31,-0.01,2,21062,卖盘
13:19:36,105.32,0.01,2,21063,买盘
13:19:48,105.31,-0.01,27,284337,卖盘
13:19:51,105.31,0.0,2,21063,中性盘
13:19:54,105.31,0.0,3,31594,卖盘
13:19:56,105.32,0.01,3,31595,买盘
13:20:00,105.3,-0.02,3,31590,卖盘
13:20:06,105.3,0.0,2,21061,卖盘
13:20:12,105.3,0.0,1,10530,卖盘
13:20:15,105.31,0.01,3,31593,买盘
13:20:21,105.32,0.01,1,10532,买盘
13:20:27,105.32,0.0,6,60454,买盘
13:20:29,105.34,0.02,11,115854,买盘
13:20:36,105.32,-0.02,10,105335,卖盘
13:20:38,105.34,0.02,1,10534,买盘
13:20:48,105.33,-0.01,2,21066,卖盘
13:20:54,105.3,-0.03,33,350282,卖盘
13:20:57,105.28,-0.02,4,42118,卖盘
13:21:00,105.28,0.0,1,10528,卖盘
13:21:03,105.28,0.0,5,52640,卖盘
13:21:08,105.28,0.0,6,63168,卖盘
13:21:11,105.26,-0.02,5,52636,卖盘
13:21:15,105.26,0.0,1,10526,卖盘
13:21:18,105.26,0.0,14,147364,卖盘
13:21:21,105.26,0.0,10,105260,买盘
13:21:24,105.28,0.02,19,200026,买盘
13:21:27,105.26,-0.02,5,52630,买盘
13:21:45,105.25,-0.01,1,10525,卖盘
13:21:48,105.26,0.01,1,10526,买盘
13:21:51,105.27,0.01,1,10527,中性盘
13:22:06,105.3,0.03,14,144683,买盘
13:22:09,105.35,0.05,3,31597,买盘
13:22:12,105.34,-0.01,1,10534,中性盘
13:22:23,105.35,0.01,3,31605,买盘
13:22:30,105.35,0.0,1,10535,买盘
13:22:40,105.36,0.01,12,126431,买盘
13:22:48,105.36,0.0,1,10536,卖盘
13:22:54,105.37,0.01,8,84296,买盘
13:22:57,105.4,0.03,3,31616,买盘
13:23:06,105.4,0.0,2,21080,买盘
13:23:10,105.4,0.0,1,10540,买盘
13:23:12,105.4,0.0,20,210800,买盘
13:23:14,105.39,-0.01,1,10539,卖盘
13:23:21,105.39,0.0,12,126468,卖盘
13:23:25,105.4,0.01,3,31620,买盘
13:23:30,105.4,0.0,1,10540,买盘
13:23:36,105.4,0.0,1,10540,买盘
13:23:39,105.4,0.0,1,10540,买盘
13:23:48,105.41,0.01,3,31622,买盘
13:23:51,105.39,-0.02,7,73775,卖盘
13:23:57,105.44,0.05,2,21088,买盘
13:24:00,105.45,0.01,10,105442,买盘
13:24:10,105.44,-0.01,2,21088,中性盘
13:24:12,105.45,0.01,8,84357,买盘
13:24:27,105.39,-0.06,2,21078,卖盘
13:24:45,105.46,0.07,3,31638,买盘
13:24:52,105.4,-0.06,2,21086,卖盘
13:24:55,105.46,0.06,6,63276,买盘
13:24:56,105.45,-0.01,1,10545,中性盘
13:25:04,105.48,0.03,4,42192,买盘
13:25:06,105.49,0.01,2,21098,买盘
13:25:09,105.49,0.0,2,21096,买盘
13:25:12,105.49,0.0,1,10549,买盘
13:25:15,105.46,-0.03,2,21092,卖盘
13:25:23,105.48,0.02,3,31644,卖盘
13:25:29,105.48,0.0,4,42192,卖盘
13:25:34,105.48,0.0,6,63288,买盘
13:25:36,105.46,-0.02,1,10546,卖盘
13:25:40,105.49,0.03,1,10549,买盘
13:25:45,105.49,0.0,6,63291,买盘
13:25:51,105.46,-0.03,1,10546,卖盘
13:25:54,105.49,0.03,3,31647,买盘
13:26:07,105.48,-0.01,7,73836,卖盘
13:26:12,105.49,0.01,1,10549,买盘
13:26:15,105.49,0.0,2,21098,买盘
13:26:18,105.48,-0.01,2,21096,卖盘
13:26:22,105.5,0.02,2,21100,买盘
13:26:27,105.5,0.0,2,21100,买盘
13:26:33,105.5,0.0,1,10550,买盘
13:26:42,105.5,0.0,6,63294,买盘
13:26:45,105.5,0.0,2,21100,买盘
13:26:48,105.48,-0.02,1,10548,卖盘
13:26:51,105.5,0.02,13,137150,买盘
13:26:57,105.48,-0.02,1,10548,卖盘
13:27:06,105.5,0.02,3,31646,买盘
13:27:10,105.48,-0.02,1,10548,卖盘
13:27:11,105.48,0.0,35,369180,卖盘
13:27:15,105.48,0.0,5,52740,卖盘
13:27:18,105.46,-0.02,16,168764,卖盘
13:27:24,105.46,0.0,2,21092,卖盘
13:27:33,105.46,0.0,1,10546,卖盘
13:27:42,105.48,0.02,12,126554,买盘
13:27:45,105.46,-0.02,13,137098,卖盘
13:27:48,105.46,0.0,2,21092,卖盘
13:27:56,105.47,0.01,5,52737,卖盘
13:28:00,105.47,0.0,1,10547,卖盘
13:28:12,105.46,-0.01,1,10546,卖盘
13:28:18,105.47,0.01,1,10547,买盘
13:28:27,105.47,0.0,6,63282,买盘
13:28:31,105.47,0.0,2,21094,中性盘
13:28:34,105.48,0.01,10,105480,买盘
13:28:36,105.48,0.0,4,42194,卖盘
13:28:42,105.48,0.0,1,10548,卖盘
13:28:45,105.5,0.02,3,31649,买盘
13:28:55,105.5,0.0,1,10550,买盘
13:28:57,105.48,-0.02,2,21096,卖盘
13:29:03,105.48,0.0,2,21096,卖盘
13:29:18,105.5,0.02,3,31650,买盘
13:29:20,105.48,-0.02,1,10548,卖盘
13:29:26,105.5,0.02,1,10550,买盘
13:29:45,105.49,-0.01,4,42196,买盘
13:29:49,105.48,-0.01,1,10548,卖盘
13:29:52,105.48,0.0,12,126576,卖盘
13:29:54,105.48,0.0,4,42192,卖盘
13:30:01,105.49,0.01,1,10549,买盘
13:30:03,105.48,-0.01,2,21097,卖盘
13:30:10,105.49,0.01,2,21098,买盘
13:30:12,105.5,0.01,8,84400,买盘
13:30:16,105.49,-0.01,2,21098,卖盘
13:30:31,105.5,0.01,1,10550,买盘
13:30:33,105.5,0.0,12,126600,买盘
13:30:35,105.5,0.0,1,10550,买盘
13:30:41,105.49,-0.01,23,242627,卖盘
13:30:45,105.5,0.01,6,63297,买盘
13:30:51,105.5,0.0,1,10550,买盘
13:30:57,105.49,-0.01,13,137137,卖盘
13:31:01,105.49,0.0,7,73843,卖盘
13:31:07,105.49,0.0,3,31647,卖盘
13:31:09,105.5,0.01,13,137149,买盘
13:31:12,105.5,0.0,2,21099,买盘
13:31:15,105.5,0.0,2,21100,买盘
13:31:18,105.5,0.0,1,10550,买盘
13:31:24,105.49,-0.01,2,21098,卖盘
13:31:37,105.5,0.01,48,506400,买盘
13:31:38,105.5,0.0,7,73850,卖盘
13:31:42,105.49,-0.01,4,42199,卖盘
13:31:48,105.51,0.02,2,21102,买盘
13:31:52,105.52,0.01,2,21103,买盘
13:32:00,105.51,-0.01,2,21102,卖盘
13:32:04,105.51,0.0,7,73857,买盘
13:32:05,105.51,0.0,6,63306,卖盘
13:32:10,105.51,0.0,1,10551,卖盘
13:32:16,105.53,0.02,2,21106,买盘
13:32:18,105.53,0.0,9,94977,卖盘
13:32:24,105.55,0.02,1,10555,买盘
13:32:37,105.55,0.0,4,42220,买盘
13:32:39,105.55,0.0,1,10555,买盘
13:32:42,105.55,0.0,1,10555,买盘
13:32:45,105.49,-0.06,65,685899,卖盘
13:32:48,105.47,-0.02,8,84386,卖盘
13:32:51,105.45,-0.02,5,52729,卖盘
13:32:54,105.45,0.0,1,10545,卖盘
13:32:56,105.44,-0.01,4,42177,卖盘
13:33:00,105.44,0.0,2,21088,卖盘
13:33:03,105.44,0.0,2,21088,卖盘
13:33:06,105.42,-0.02,6,63258,卖盘
13:33:09,105.45,0.03,1,10545,买盘
13:33:14,105.41,-0.04,3,31624,卖盘
13:33:18,105.42,0.01,2,21084,卖盘
13:33:22,105.42,0.0,3,31626,卖盘
13:33:27,105.42,0.0,4,42168,中性盘
13:33:30,105.42,0.0,8,84336,买盘
13:33:33,105.41,-0.01,2,21085,卖盘
13:33:39,105.47,0.06,1,10547,买盘
13:33:48,105.41,-0.06,1,10541,卖盘
13:34:11,105.41,0.0,11,115957,卖盘
13:34:14,105.43,0.02,1,10543,卖盘
13:34:24,105.43,0.0,1,10543,卖盘
13:34:39,105.43,0.0,4,42172,卖盘
13:34:42,105.44,0.01,1,10544,买盘
13:34:51,105.48,0.04,3,31644,买盘
13:34:54,105.49,0.01,17,179321,买盘
13:34:57,105.48,-0.01,1,10548,卖盘
13:35:03,105.48,0.0,5,52741,卖盘
13:35:06,105.48,0.0,2,21096,卖盘
13:35:12,105.48,0.0,3,31644,卖盘
13:35:15,105.49,0.01,2,21097,买盘
13:35:17,105.48,-0.01,2,21097,卖盘
13:35:21,105.48,0.0,1,10548,卖盘
13:35:29,105.48,0.0,1,10548,卖盘
13:35:33,105.5,0.02,1,10550,买盘
13:35:39,105.48,-0.02,1,10548,卖盘
13:35:42,105.48,0.0,2,21096,卖盘
13:35:54,105.5,0.02,1,10550,买盘
13:35:57,105.5,0.0,2,21100,买盘
13:36:01,105.48,-0.02,5,52740,卖盘
13:36:15,105.5,0.02,1,10550,买盘
13:36:18,105.49,-0.01,7,73843,卖盘
13:36:25,105.49,0.0,8,84392,卖盘
13:36:27,105.48,-0.01,1,10548,卖盘
13:36:30,105.49,0.01,1,10549,买盘
13:36:35,105.48,-0.01,9,94932,卖盘
13:36:38,105.48,0.0,1,10548,卖盘
13:36:41,105.49,0.01,1,10549,买盘
13:36:45,105.49,0.0,3,31647,买盘
13:36:48,105.49,0.0,3,31647,买盘
13:36:50,105.49,0.0,13,137137,卖盘
13:36:54,105.47,-0.02,2,21094,卖盘
13:37:00,105.49,0.02,1,10549,买盘
13:37:06,105.49,0.0,1,10549,买盘
13:37:12,105.47,-0.02,3,31641,卖盘
13:37:14,105.49,0.02,1,10549,买盘
13:37:24,105.49,0.0,1,10549,买盘
13:37:27,105.48,-0.01,2,21096,卖盘
13:37:30,105.49,0.01,3,31647,买盘
13:37:33,105.48,-0.01,1,10548,卖盘
13:37:35,105.49,0.01,2,21097,买盘
13:37:42,105.49,0.0,12,126588,买盘
13:37:45,105.5,0.01,51,538044,买盘
13:37:48,105.5,0.0,39,411445,买盘
13:37:51,105.5,0.0,15,158243,买盘
13:37:55,105.5,0.0,19,200450,买盘
13:37:57,105.51,0.01,156,1645810,买盘
13:38:00,105.54,0.03,25,263763,买盘
13:38:03,105.55,0.01,8,84440,买盘
13:38:09,105.55,0.0,10,105550,买盘
13:38:14,105.55,0.0,2,21110,买盘
13:38:17,105.58,0.03,1,10558,买盘
13:38:23,105.58,0.0,5,52790,买盘
13:38:30,105.6,0.02,6,63360,买盘
13:38:33,105.59,-0.01,7,73913,卖盘
13:38:37,105.59,0.0,4,42233,买盘
13:38:42,105.6,0.01,4,42237,买盘
13:38:48,105.59,-0.01,2,21119,中性盘
13:38:54,105.6,0.01,19,200640,买盘
13:38:57,105.65,0.05,9,95051,买盘
13:39:09,105.65,0.0,4,42260,买盘
13:39:17,105.67,0.02,1,10567,买盘
13:39:21,105.68,0.01,5,52836,买盘
13:39:30,105.69,0.01,8,84552,买盘
13:39:33,105.69,0.0,3,31705,买盘
13:39:39,105.7,0.01,1,10570,买盘
13:39:42,105.69,-0.01,16,169104,卖盘
13:39:53,105.69,0.0,5,52842,买盘
13:39:57,105.69,0.0,2,21136,买盘
13:40:02,105.69,0.0,10,105690,买盘
13:40:06,105.69,0.0,4,42275,买盘
13:40:09,105.68,-0.01,11,116248,卖盘
13:40:12,105.67,-0.01,2,21134,卖盘
13:40:33,105.68,0.01,6,63408,买盘
13:40:39,105.68,0.0,1,10568,买盘
13:40:42,105.67,-0.01,10,105670,卖盘
13:40:45,105.67,0.0,2,21134,卖盘
13:40:51,105.67,0.0,1,10567,卖盘
13:40:54,105.67,0.0,1,10567,卖盘
13:41:01,105.68,0.01,4,42272,买盘
13:41:03,105.67,-0.01,8,84543,卖盘
13:41:07,105.67,0.0,3,31701,卖盘
13:41:09,105.68,0.01,1,10568,买盘
13:41:18,105.68,0.0,3,31704,买盘
13:41:24,105.69,0.01,4,42274,买盘
13:41:27,105.68,-0.01,4,42274,卖盘
13:41:29,105.68,0.0,4,42272,卖盘
13:41:33,105.69,0.01,5,52845,买盘
13:41:36,105.68,-0.01,1,10568,卖盘
13:41:38,105.69,0.01,6,63414,买盘
13:41:42,105.69,0.0,3,31705,买盘
13:41:45,105.68,-0.01,4,42275,卖盘
13:41:48,105.7,0.02,14,147967,买盘
13:41:51,105.71,0.01,11,116272,买盘
13:41:54,105.71,0.0,5,52855,卖盘
13:41:59,105.76,0.05,6,63456,买盘
13:42:06,105.71,-0.05,11,116332,卖盘
13:42:09,105.78,0.07,19,200968,买盘
13:42:11,105.78,0.0,1,10578,卖盘
13:42:14,105.8,0.02,27,285658,买盘
13:42:17,105.8,0.0,2,21160,买盘
13:42:41,105.85,0.05,6,63510,买盘
13:42:51,105.84,-0.01,6,63484,买盘
13:42:54,105.85,0.01,7,74069,买盘
13:42:59,105.85,0.0,1,10585,买盘
13:43:05,105.81,-0.04,1,10581,卖盘
13:43:11,105.84,0.03,7,74083,买盘
13:43:18,105.84,0.0,4,42336,卖盘
13:43:21,105.84,0.0,1,10584,买盘
13:43:27,105.84,0.0,2,21167,买盘
13:43:31,105.83,-0.01,1,10583,卖盘
13:43:36,105.83,0.0,1,10583,卖盘
13:43:42,105.83,0.0,5,52915,卖盘
13:43:44,105.83,0.0,1,10583,卖盘
13:43:47,105.83,0.0,2,21166,买盘
13:43:56,105.81,-0.02,1,10581,卖盘
13:43:59,105.84,0.03,7,74088,买盘
13:44:02,105.85,0.01,4,42340,买盘
13:44:08,105.83,-0.02,1,10583,卖盘
13:44:12,105.83,0.0,1,10583,卖盘
13:44:15,105.83,0.0,5,52919,中性盘
13:44:23,105.81,-0.02,12,127006,卖盘
13:44:41,105.84,0.03,16,169345,买盘
13:44:48,105.84,0.0,1,10584,卖盘
13:44:51,105.84,0.0,4,42336,卖盘
13:44:54,105.84,0.0,2,21168,卖盘
13:44:57,105.83,-0.01,3,31750,卖盘
13:45:00,105.81,-0.02,9,95229,卖盘
13:45:03,105.8,-0.01,34,359725,卖盘
13:45:06,105.79,-0.01,12,126956,卖盘
13:45:09,105.78,-0.01,21,222139,卖盘
13:45:14,105.79,0.01,1,10579,买盘
13:45:24,105.61,-0.18,3,31683,卖盘
13:45:27,105.59,-0.02,4,42240,卖盘
13:45:41,105.79,0.2,2,21158,买盘
13:45:48,105.79,0.0,1,10579,买盘
13:45:57,105.6,-0.19,6,63455,卖盘
13:46:03,105.78,0.18,1,10578,中性盘
13:46:24,105.61,-0.17,4,42262,卖盘
13:46:33,105.61,0.0,1,10561,卖盘
13:46:44,105.61,0.0,23,243124,卖盘
13:47:05,105.79,0.18,3,31737,买盘
13:47:12,105.63,-0.16,10,105630,卖盘
13:47:18,105.61,-0.02,1,10561,卖盘
13:47:36,105.61,0.0,5,52807,卖盘
13:47:48,105.68,0.07,12,126816,买盘
13:47:53,105.63,-0.05,6,63378,买盘
13:48:00,105.62,-0.01,13,137307,卖盘
13:48:03,105.6,-0.02,3,31683,卖盘
13:48:08,105.61,0.01,1,10561,中性盘
13:48:11,105.61,0.0,2,21122,买盘
13:48:21,105.66,0.05,2,21126,买盘
13:48:23,105.66,0.0,2,21132,买盘
13:48:30,105.72,0.06,1,10572,买盘
13:48:36,105.72,0.0,5,52860,买盘
13:48:38,105.61,-0.11,1,10561,卖盘
13:48:57,105.63,0.02,9,95143,卖盘
13:49:02,105.74,0.11,3,31711,买盘
13:49:12,105.74,0.0,6,63444,买盘
13:49:18,105.74,0.0,1,10574,买盘
13:49:23,105.61,-0.13,9,95062,卖盘
13:49:27,105.61,0.0,7,73927,买盘
13:49:33,105.61,0.0,3,31683,卖盘
13:49:45,105.61,0.0,3,31683,买盘
13:49:48,105.61,0.0,5,52805,买盘
13:49:51,105.61,0.0,15,158415,买盘
13:49:54,105.63,0.02,1,10563,中性盘
13:49:57,105.7,0.07,3,31694,买盘
13:50:02,105.73,0.03,10,105730,买盘
13:50:12,105.74,0.01,1,10574,买盘
13:50:29,105.74,0.0,6,63439,买盘
13:50:33,105.73,-0.01,1,10573,中性盘
13:50:56,105.74,0.01,4,42294,买盘
13:51:00,105.76,0.02,1,10576,卖盘
13:51:03,105.78,0.02,1,10578,买盘
13:51:05,105.78,0.0,3,31734,买盘
13:51:12,105.79,0.01,6,63474,买盘
13:51:18,105.78,-0.01,19,200994,卖盘
13:51:20,105.79,0.01,2,21157,买盘
13:51:23,105.78,-0.01,1,10578,卖盘
13:51:29,105.78,0.0,3,31734,卖盘
13:51:33,105.74,-0.04,1,10574,卖盘
13:51:47,105.76,0.02,1,10576,卖盘
13:51:51,105.74,-0.02,10,105740,卖盘
13:51:53,105.78,0.04,1,10578,买盘
13:51:59,105.78,0.0,4,42312,买盘
13:52:02,105.78,0.0,8,84611,买盘
13:52:05,105.78,0.0,3,31734,买盘
13:52:09,105.78,0.0,2,21156,买盘
13:52:12,105.75,-0.03,10,105767,卖盘
13:52:15,105.79,0.04,2,21157,买盘
13:52:17,105.78,-0.01,1,10578,卖盘
13:52:21,105.78,0.0,2,21157,卖盘
13:52:32,105.78,0.0,1,10578,卖盘
13:52:36,105.79,0.01,6,63473,买盘
13:52:39,105.79,0.0,6,63473,买盘
13:52:42,105.79,0.0,8,84632,买盘
13:52:44,105.79,0.0,18,190420,买盘
13:52:51,105.8,0.01,1,10580,买盘
13:52:57,105.8,0.0,8,84633,买盘
13:53:09,105.79,-0.01,1,10579,卖盘
13:53:15,105.79,0.0,2,21158,卖盘
13:53:18,105.79,0.0,11,116369,卖盘
13:53:24,105.79,0.0,21,222159,卖盘
13:53:27,105.79,0.0,8,84626,买盘
13:53:30,105.79,0.0,4,42313,买盘
13:53:33,105.8,0.01,5,52900,买盘
13:53:39,105.8,0.0,3,31740,买盘
13:53:42,105.79,-0.01,2,21158,卖盘
13:53:45,105.78,-0.01,2,21156,卖盘
13:54:00,105.79,0.01,1,10579,买盘
13:54:02,105.78,-0.01,1,10578,卖盘
13:54:09,105.79,0.01,8,84632,买盘
13:54:12,105.79,0.0,2,21158,卖盘
13:54:15,105.79,0.0,2,21158,卖盘
13:54:21,105.79,0.0,2,21158,卖盘
13:54:30,105.78,-0.01,1,10578,卖盘
13:54:33,105.79,0.01,1,10579,买盘
13:54:39,105.78,-0.01,1,10578,卖盘
13:54:42,105.78,0.0,1,10578,卖盘
13:54:54,105.78,0.0,7,74051,卖盘
13:55:03,105.79,0.01,2,21158,买盘
13:55:09,105.79,0.0,1,10579,买盘
13:55:18,105.79,0.0,9,95211,买盘
13:55:21,105.79,0.0,4,42316,卖盘
13:55:24,105.8,0.01,3,31740,买盘
13:55:27,105.79,-0.01,4,42319,卖盘
13:55:30,105.79,0.0,1,10579,卖盘
13:55:39,105.8,0.01,1,10580,买盘
13:55:45,105.8,0.0,1,10580,买盘
13:55:48,105.79,-0.01,9,95211,卖盘
13:55:50,105.79,0.0,1,10579,卖盘
13:55:54,105.79,0.0,3,31737,卖盘
13:55:59,105.79,0.0,1,10579,买盘
13:56:03,105.78,-0.01,1,10578,卖盘
13:56:06,105.78,0.0,2,21156,卖盘
13:56:09,105.78,0.0,1,10578,卖盘
13:56:12,105.78,0.0,3,31735,卖盘
13:56:14,105.78,0.0,1,10578,卖盘
13:56:21,105.78,0.0,10,105787,卖盘
13:56:24,105.78,0.0,6,63472,卖盘
13:56:27,105.8,0.02,1,10580,买盘
13:56:30,105.78,-0.02,1,10578,卖盘
13:56:45,105.8,0.02,8,84636,买盘
13:56:48,105.77,-0.03,2,21154,卖盘
13:56:59,105.79,0.02,1,10579,中性盘
13:57:03,105.79,0.0,4,42316,中性盘
13:57:05,105.79,0.0,3,31736,买盘
13:57:08,105.79,0.0,2,21158,中性盘
13:57:15,105.8,0.01,50,529000,买盘
13:57:18,105.8,0.0,48,507832,买盘
13:57:21,105.8,0.0,2,21160,买盘
13:57:24,105.8,0.0,6,63480,买盘
13:57:26,105.79,-0.01,2,21158,卖盘
13:57:32,105.8,0.01,3,31739,买盘
13:57:39,105.8,0.0,20,211598,买盘
13:57:42,105.8,0.0,6,63475,买盘
13:57:45,105.8,0.0,5,52900,买盘
13:57:48,105.78,-0.02,12,126936,卖盘
13:57:51,105.78,0.0,9,95200,买盘
13:57:53,105.78,0.0,1,10578,买盘
13:58:00,105.78,0.0,5,52890,买盘
13:58:02,105.77,-0.01,19,200969,卖盘
13:58:05,105.77,0.0,2,21155,卖盘
13:58:12,105.78,0.01,17,179826,买盘
13:58:14,105.77,-0.01,2,21154,卖盘
13:58:17,105.78,0.01,7,74043,买盘
13:58:26,105.78,0.0,1,10578,卖盘
13:58:30,105.8,0.02,3,31740,买盘
13:58:33,105.79,-0.01,13,137537,中性盘
13:58:36,105.8,0.01,8,84639,买盘
13:58:38,105.83,0.03,101,1078217,买盘
13:58:42,105.84,0.01,19,201059,买盘
13:58:45,105.84,0.0,10,105839,买盘
13:58:48,105.84,0.0,6,63504,买盘
13:58:51,105.85,0.01,5,52925,买盘
13:58:53,105.85,0.0,4,42337,买盘
13:58:56,105.84,-0.01,15,158760,卖盘
13:59:00,105.84,0.0,2,21168,买盘
13:59:11,105.83,-0.01,1,10583,卖盘
13:59:14,105.84,0.01,3,31752,买盘
13:59:21,105.83,-0.01,3,31749,卖盘
13:59:26,105.84,0.01,3,31752,买盘
13:59:36,105.85,0.01,3,31753,买盘
13:59:39,105.85,0.0,9,95265,买盘
13:59:44,105.83,-0.02,1,10583,卖盘
13:59:50,105.84,0.01,2,21167,买盘
13:59:57,105.84,0.0,2,21168,卖盘
14:00:02,105.84,0.0,2,21168,卖盘
14:00:05,105.84,0.0,3,31753,卖盘
14:00:08,105.83,-0.01,1,10583,卖盘
14:00:12,105.83,0.0,22,232844,卖盘
14:00:15,105.82,-0.01,9,95244,卖盘
14:00:18,105.82,0.0,2,21164,卖盘
14:00:21,105.81,-0.01,6,63491,卖盘
14:00:23,105.82,0.01,5,52906,中性盘
14:00:27,105.81,-0.01,2,21162,卖盘
14:00:30,105.81,0.0,1,10581,卖盘
14:00:33,105.8,-0.01,2,21161,卖盘
14:00:41,105.79,-0.01,8,84632,卖盘
14:00:45,105.78,-0.01,1,10578,卖盘
14:00:51,105.82,0.04,2,21160,买盘
14:00:54,105.78,-0.04,1,10578,卖盘
14:00:57,105.77,-0.01,2,21153,买盘
14:00:59,105.8,0.03,1,10580,中性盘
14:01:09,105.82,0.02,6,63462,买盘
14:01:15,105.76,-0.06,2,21152,卖盘
14:01:20,105.81,0.05,2,21157,买盘
14:01:23,105.76,-0.05,2,21152,卖盘
14:01:36,105.76,0.0,34,359644,卖盘
14:01:38,105.76,0.0,5,52877,买盘
14:01:42,105.76,0.0,1,10576,买盘
14:01:48,105.75,-0.01,2,21150,卖盘
14:01:50,105.75,0.0,1,10575,卖盘
14:01:56,105.76,0.01,3,31727,买盘
14:02:00,105.75,-0.01,1,10575,卖盘
14:02:03,105.75,0.0,2,21150,卖盘
14:02:06,105.75,0.0,22,232650,卖盘
14:02:08,105.75,0.0,2,21150,卖盘
14:02:12,105.73,-0.02,69,729650,卖盘
14:02:14,105.73,0.0,5,52865,买盘
14:02:18,105.75,0.02,15,158492,买盘
14:02:24,105.55,-0.2,8,84440,卖盘
14:02:36,105.54,-0.01,3,31664,卖盘
14:02:41,105.55,0.01,2,21110,买盘
14:02:59,105.57,0.02,5,52785,卖盘
14:03:06,105.55,-0.02,2,21110,卖盘
14:03:09,105.55,0.0,6,63330,卖盘
14:03:12,105.55,0.0,1,10555,卖盘
14:03:15,105.55,0.0,3,31663,买盘
14:03:17,105.55,0.0,1,10555,卖盘
14:03:21,105.55,0.0,2,21112,卖盘
14:03:24,105.59,0.04,18,190022,买盘
14:03:29,105.55,-0.04,2,21110,卖盘
14:03:39,105.55,0.0,2,21111,卖盘
14:03:45,105.59,0.04,1,10559,买盘
14:03:51,105.55,-0.04,1,10555,卖盘
14:03:56,105.56,0.01,1,10556,买盘
14:04:00,105.55,-0.01,2,21110,卖盘
14:04:05,105.56,0.01,3,31668,买盘
14:04:12,105.55,-0.01,1,10555,卖盘
14:04:15,105.56,0.01,4,42224,买盘
14:04:17,105.55,-0.01,11,116105,卖盘
14:04:21,105.55,0.0,2,21110,卖盘
14:04:24,105.55,0.0,3,31665,卖盘
14:04:30,105.55,0.0,10,105550,卖盘
14:04:39,105.55,0.0,6,63326,买盘
14:04:45,105.55,0.0,1,10555,买盘
14:04:51,105.54,-0.01,7,73878,卖盘
14:05:06,105.55,0.01,4,42219,买盘
14:05:14,105.55,0.0,12,126660,买盘
14:05:17,105.54,-0.01,1,10554,卖盘
14:05:21,105.56,0.02,2,21112,买盘
14:05:27,105.55,-0.01,4,42220,买盘
14:05:30,105.55,0.0,16,168893,卖盘
14:05:34,105.56,0.01,26,274424,买盘
14:05:35,105.55,-0.01,1,10555,中性盘
14:05:39,105.55,0.0,15,158327,卖盘
14:05:42,105.54,-0.01,2,21109,卖盘
14:05:45,105.55,0.01,1,10555,买盘
14:05:48,105.54,-0.01,3,31662,卖盘
14:05:57,105.53,-0.01,1,10553,卖盘
14:06:00,105.53,0.0,1,10553,卖盘
14:06:03,105.53,0.0,1,10553,卖盘
14:06:09,105.54,0.01,1,10554,买盘
14:06:11,105.53,-0.01,8,84428,卖盘
14:06:15,105.54,0.01,1,10554,中性盘
14:06:21,105.53,-0.01,2,21106,卖盘
14:06:26,105.54,0.01,10,105540,买盘
14:06:30,105.54,0.0,4,42214,买盘
14:06:33,105.53,-0.01,2,21106,卖盘
14:06:35,105.53,0.0,1,10553,卖盘
14:06:38,105.53,0.0,1,10553,卖盘
14:06:42,105.53,0.0,1,10553,卖盘
14:06:44,105.53,0.0,5,52764,卖盘
14:06:47,105.52,-0.01,2,21104,卖盘
14:06:50,105.52,0.0,2,21105,卖盘
14:06:54,105.52,0.0,14,147728,卖盘
14:06:56,105.51,-0.01,2,21103,卖盘
14:07:01,105.51,0.0,4,42204,卖盘
14:07:03,105.51,0.0,2,21102,卖盘
14:07:05,105.51,0.0,1,10551,卖盘
14:07:10,105.51,0.0,1,10551,卖盘
14:07:14,105.51,0.0,1,10551,卖盘
14:07:18,105.53,0.02,8,84420,买盘
14:07:24,105.53,0.0,2,21106,买盘
14:07:27,105.53,0.0,7,73870,买盘
14:07:33,105.53,0.0,2,21105,买盘
14:07:35,105.53,0.0,3,31661,卖盘
14:07:38,105.54,0.01,2,21108,买盘
14:07:42,105.54,0.0,1,10554,买盘
14:07:48,105.54,0.0,6,63319,买盘
14:08:00,105.54,0.0,1,10554,买盘
14:08:03,105.54,0.0,1,10554,买盘
14:08:14,105.54,0.0,2,21108,买盘
14:08:18,105.53,-0.01,3,31661,卖盘
14:08:20,105.54,0.01,1,10554,买盘
14:08:29,105.54,0.0,2,21108,买盘
14:08:35,105.54,0.0,1,10554,买盘
14:08:39,105.53,-0.01,10,105530,卖盘
14:08:42,105.53,0.0,2,21106,卖盘
14:08:45,105.54,0.01,3,31662,买盘
14:08:54,105.53,-0.01,11,116083,卖盘
14:09:02,105.54,0.01,2,21108,买盘
14:09:09,105.54,0.0,1,10554,买盘
14:09:11,105.54,0.0,6,63323,买盘
14:09:15,105.54,0.0,1,10554,买盘
14:09:18,105.53,-0.01,1,10553,卖盘
14:09:21,105.53,0.0,8,84429,卖盘
14:09:30,105.53,0.0,18,189955,卖盘
14:09:32,105.53,0.0,1,10553,卖盘
14:09:39,105.54,0.01,2,21108,买盘
14:09:42,105.52,-0.02,6,63312,卖盘
14:09:45,105.53,0.01,6,63314,中性盘
14:09:53,105.52,-0.01,3,31658,卖盘
14:10:06,105.53,0.01,2,21106,卖盘
14:10:08,105.53,0.0,19,200507,卖盘
14:10:12,105.53,0.0,5,52761,买盘
14:10:15,105.52,-0.01,3,31656,卖盘
14:10:18,105.53,0.01,5,52761,买盘
14:10:21,105.52,-0.01,1,10552,买盘
14:10:30,105.5,-0.02,3,31651,卖盘
14:10:32,105.5,0.0,13,137150,卖盘
14:10:36,105.5,0.0,35,369250,卖盘
14:10:39,105.5,0.0,70,738472,卖盘
14:10:41,105.45,-0.05,8,84360,卖盘
14:10:51,105.48,0.03,5,52740,买盘
14:10:55,105.51,0.03,2,21102,买盘
14:11:00,105.51,0.0,9,94961,买盘
14:11:06,105.51,0.0,15,158271,卖盘
14:11:09,105.53,0.02,3,31655,买盘
14:11:12,105.5,-0.03,11,116061,卖盘
14:11:15,105.53,0.03,2,21103,买盘
14:11:17,105.53,0.0,4,42211,买盘
14:11:20,105.53,0.0,1,10553,买盘
14:11:25,105.53,0.0,1,10553,买盘
14:11:27,105.52,-0.01,3,31656,卖盘
14:11:30,105.52,0.0,7,73870,卖盘
14:11:33,105.53,0.01,1,10553,买盘
14:11:40,105.52,-0.01,13,137176,卖盘
14:11:41,105.5,-0.02,2,21100,卖盘
14:11:45,105.5,0.0,9,94955,卖盘
14:11:48,105.5,0.0,8,84403,卖盘
14:11:51,105.5,0.0,3,31653,卖盘
14:11:54,105.55,0.05,12,126657,买盘
14:11:57,105.53,-0.02,12,126654,中性盘
14:12:00,105.53,0.0,9,94987,卖盘
14:12:03,105.55,0.02,3,31665,买盘
14:12:08,105.5,-0.05,14,147740,卖盘
14:12:12,105.53,0.03,4,42203,买盘
14:12:15,105.45,-0.08,2,21093,卖盘
14:12:23,105.53,0.08,17,179396,买盘
14:12:27,105.5,-0.03,5,52750,卖盘
14:12:33,105.5,0.0,1,10550,卖盘
14:12:36,105.5,0.0,1,10550,卖盘
14:12:38,105.5,0.0,4,42200,卖盘
14:12:42,105.49,-0.01,2,21099,卖盘
14:12:45,105.53,0.04,3,31653,买盘
14:12:48,105.5,-0.03,12,126596,买盘
14:12:51,105.48,-0.02,1,10548,卖盘
14:12:57,105.49,0.01,17,179349,卖盘
14:13:00,105.5,0.01,9,94926,买盘
14:13:06,105.5,0.0,1,10550,买盘
14:13:10,105.45,-0.05,2,21090,中性盘
14:13:15,105.44,-0.01,5,52720,卖盘
14:13:17,105.44,0.0,6,63259,买盘
14:13:21,105.41,-0.03,4,42164,卖盘
14:13:27,105.44,0.03,1,10544,买盘
14:13:30,105.41,-0.03,3,31623,卖盘
14:13:32,105.44,0.03,4,42175,买盘
14:13:36,105.41,-0.03,5,52706,卖盘
14:13:42,105.41,0.0,3,31624,卖盘
14:13:48,105.45,0.04,6,63263,买盘
14:13:51,105.5,0.05,2,21095,买盘
14:13:55,105.41,-0.09,5,52711,卖盘
14:14:00,105.41,0.0,1,10541,卖盘
14:14:02,105.49,0.08,3,31647,卖盘
14:14:11,105.5,0.01,1,10550,买盘
14:14:15,105.49,-0.01,3,31647,卖盘
14:14:19,105.49,0.0,19,200448,卖盘
14:14:20,105.5,0.01,2,21100,买盘
14:14:25,105.49,-0.01,2,21098,卖盘
14:14:30,105.5,0.01,1,10550,买盘
14:14:34,105.5,0.0,2,21100,买盘
14:14:36,105.49,-0.01,4,42199,卖盘
14:14:39,105.49,0.0,2,21098,卖盘
14:14:42,105.5,0.01,2,21100,买盘
14:14:51,105.49,-0.01,3,31647,卖盘
14:14:55,105.5,0.01,14,147697,买盘
14:14:58,105.5,0.0,17,179337,买盘
14:15:04,105.4,-0.1,6,63257,卖盘
14:15:06,105.46,0.06,1,10546,中性盘
14:15:10,105.48,0.02,1,10548,卖盘
14:15:11,105.48,0.0,1,10548,卖盘
14:15:16,105.48,0.0,3,31644,卖盘
14:15:19,105.5,0.02,2,21100,买盘
14:15:20,105.48,-0.02,1,10548,中性盘
14:15:25,105.4,-0.08,11,115948,卖盘
14:15:28,105.49,0.09,21,221493,买盘
14:15:31,105.49,0.0,4,42169,买盘
14:15:36,105.49,0.0,3,31647,买盘
14:15:38,105.37,-0.12,2,21074,卖盘
14:15:42,105.49,0.12,1,10549,买盘
14:15:45,105.49,0.0,7,73843,买盘
14:15:49,105.43,-0.06,11,116008,中性盘
14:15:50,105.5,0.07,16,168704,买盘
14:15:53,105.5,0.0,8,84378,买盘
14:15:57,105.49,-0.01,11,116027,中性盘
14:16:01,105.43,-0.06,9,94901,卖盘
14:16:04,105.43,0.0,7,73813,卖盘
14:16:06,105.5,0.07,9,94943,买盘
14:16:10,105.44,-0.06,12,126518,买盘
14:16:12,105.43,-0.01,22,232021,卖盘
14:16:15,105.5,0.07,4,42196,买盘
14:16:17,105.49,-0.01,11,116045,中性盘
14:16:23,105.45,-0.04,7,73827,卖盘
14:16:26,105.48,0.03,2,21096,卖盘
14:16:30,105.48,0.0,9,94932,买盘
14:16:34,105.48,0.0,2,21096,中性盘
14:16:36,105.45,-0.03,2,21090,卖盘
14:16:46,105.48,0.03,4,42192,买盘
14:16:49,105.45,-0.03,2,21090,卖盘
14:16:50,105.48,0.03,1,10548,买盘
14:16:55,105.48,0.0,3,31644,买盘
14:16:57,105.48,0.0,10,105478,买盘
14:17:01,105.48,0.0,2,21096,卖盘
14:17:04,105.49,0.01,1,10549,买盘
14:17:06,105.48,-0.01,1,10548,卖盘
14:17:10,105.48,0.0,6,63288,卖盘
14:17:12,105.49,0.01,1,10549,买盘
14:17:16,105.48,-0.01,3,31644,卖盘
14:17:19,105.49,0.01,17,179311,买盘
14:17:21,105.46,-0.03,2,21092,卖盘
14:17:25,105.49,0.03,3,31647,买盘
14:17:31,105.49,0.0,6,63292,买盘
14:17:34,105.46,-0.03,3,31638,卖盘
14:17:36,105.45,-0.01,10,105459,卖盘
14:17:39,105.43,-0.02,14,147619,卖盘
14:17:42,105.4,-0.03,2,21080,卖盘
14:17:49,105.44,0.04,1,10544,卖盘
14:17:51,105.44,0.0,3,31632,买盘
14:17:55,105.49,0.05,61,643431,买盘
14:17:57,105.45,-0.04,3,31635,卖盘
14:18:01,105.4,-0.05,4,42169,卖盘
14:18:04,105.4,0.0,3,31620,卖盘
14:18:06,105.4,0.0,1,10540,买盘
14:18:12,105.4,0.0,1,10540,卖盘
14:18:15,105.41,0.01,4,42164,中性盘
14:18:21,105.49,0.08,1,10549,买盘
14:18:27,105.49,0.0,3,31629,买盘
14:18:34,105.49,0.0,3,31647,买盘
14:18:35,105.45,-0.04,7,73809,中性盘
14:18:42,105.38,-0.07,16,168663,卖盘
14:18:45,105.38,0.0,32,337216,买盘
14:18:50,105.39,0.01,4,42156,买盘
14:19:01,105.39,0.0,1,10539,卖盘
14:19:04,105.39,0.0,1,10539,卖盘
14:19:06,105.5,0.11,34,358688,买盘
14:19:10,105.5,0.0,8,84401,卖盘
14:19:11,105.5,0.0,5,52750,卖盘
14:19:16,105.5,0.0,1,10550,卖盘
14:19:19,105.49,-0.01,19,200435,卖盘
14:19:25,105.52,0.03,6,63303,买盘
14:19:30,105.52,0.0,2,21104,买盘
14:19:32,105.49,-0.03,4,42200,卖盘
14:19:35,105.49,0.0,2,21098,卖盘
14:19:39,105.53,0.04,7,73867,买盘
14:19:42,105.53,0.0,2,21106,卖盘
14:19:45,105.51,-0.02,3,31657,卖盘
14:19:49,105.49,-0.02,4,42196,卖盘
14:19:50,105.51,0.02,15,158265,买盘
14:19:55,105.51,0.0,1,10551,买盘
14:19:57,105.49,-0.02,7,73844,卖盘
14:20:01,105.51,0.02,14,147714,买盘
14:20:04,105.53,0.02,4,42206,买盘
14:20:10,105.5,-0.03,10,105498,卖盘
14:20:16,105.53,0.03,1,10553,买盘
14:20:21,105.52,-0.01,1,10552,卖盘
14:20:25,105.52,0.0,2,21101,买盘
14:20:32,105.52,0.0,6,63280,卖盘
14:20:36,105.53,0.01,1,10553,买盘
14:20:46,105.41,-0.12,6,63270,卖盘
14:20:49,105.4,-0.01,30,316208,卖盘
14:20:51,105.4,0.0,4,42163,卖盘
14:20:55,105.4,0.0,1,10540,卖盘
14:20:57,105.53,0.13,15,158284,买盘
14:21:01,105.52,-0.01,3,31636,买盘
14:21:04,105.42,-0.1,1,10542,中性盘
14:21:10,105.42,0.0,2,21084,卖盘
14:21:11,105.42,0.0,11,115962,卖盘
14:21:15,105.41,-0.01,2,21082,中性盘
14:21:17,105.4,-0.01,3,31621,卖盘
14:21:22,105.42,0.02,1,10542,中性盘
14:21:23,105.55,0.13,114,1203262,买盘
14:21:26,105.42,-0.13,1,10542,卖盘
14:21:30,105.4,-0.02,13,137053,卖盘
14:21:36,105.53,0.13,15,158139,买盘
14:21:40,105.41,-0.12,31,327186,卖盘
14:21:42,105.4,-0.01,4,42163,卖盘
14:21:49,105.55,0.15,5,52775,买盘
14:21:51,105.4,-0.15,24,252974,卖盘
14:21:55,105.41,0.01,2,21082,中性盘
14:21:56,105.4,-0.01,3,31620,卖盘
14:22:01,105.52,0.12,2,21104,买盘
14:22:03,105.55,0.03,4,42220,买盘
14:22:06,105.52,-0.03,6,63312,卖盘
14:22:17,105.52,0.0,2,21104,卖盘
14:22:21,105.52,0.0,4,42208,卖盘
14:22:30,105.42,-0.1,1,10542,卖盘
14:22:34,105.52,0.1,15,158190,买盘
14:22:36,105.52,0.0,4,42208,卖盘
14:22:40,105.55,0.03,33,348236,买盘
14:22:41,105.55,0.0,4,42220,卖盘
14:22:47,105.56,0.01,2,21112,买盘
14:22:53,105.54,-0.02,26,274419,卖盘
14:23:01,105.54,0.0,14,147756,买盘
14:23:06,105.52,-0.02,10,105522,卖盘
14:23:11,105.54,0.02,8,84432,买盘
14:23:15,105.54,0.0,1,10554,买盘
14:23:17,105.52,-0.02,5,52760,卖盘
14:23:21,105.54,0.02,1,10554,买盘
14:23:27,105.53,-0.01,1,10553,卖盘
14:23:31,105.53,0.0,2,21106,卖盘
14:23:42,105.53,0.0,3,31659,卖盘
14:23:46,105.53,0.0,14,147742,卖盘
14:23:47,105.53,0.0,1,10553,买盘
14:23:51,105.53,0.0,8,84424,买盘
14:23:55,105.53,0.0,6,63315,买盘
14:23:56,105.52,-0.01,10,105520,卖盘
14:24:01,105.5,-0.02,13,137150,买盘
14:24:02,105.42,-0.08,7,73818,卖盘
14:24:10,105.5,0.08,9,94950,买盘
14:24:12,105.4,-0.1,12,126507,卖盘
14:24:15,105.4,0.0,4,42160,卖盘
14:24:23,105.43,0.03,4,42182,卖盘
14:24:34,105.49,0.06,1,10549,卖盘
14:24:35,105.53,0.04,10,105483,买盘
14:24:39,105.43,-0.1,5,52717,卖盘
14:24:49,105.43,0.0,5,52717,卖盘
14:24:57,105.49,0.06,2,21093,买盘
14:25:01,105.41,-0.08,24,253131,卖盘
14:25:04,105.41,0.0,4,42161,买盘
14:25:06,105.41,0.0,6,63246,买盘
14:25:12,105.41,0.0,1,10541,卖盘
14:25:20,105.52,0.11,2,21104,买盘
14:25:27,105.41,-0.11,6,63246,买盘
14:25:31,105.41,0.0,2,21082,卖盘
14:25:36,105.41,0.0,3,31627,卖盘
14:25:40,105.52,0.11,12,126505,买盘
14:25:49,105.41,-0.11,1,10541,卖盘
14:26:01,105.5,0.09,5,52730,买盘
14:26:04,105.4,-0.1,18,189840,卖盘
14:26:06,105.38,-0.02,29,305643,卖盘
14:26:12,105.39,0.01,3,31621,卖盘
14:26:20,105.4,0.01,1,10540,卖盘
14:26:23,105.38,-0.02,5,52690,卖盘
14:26:26,105.38,0.0,2,21076,卖盘
14:26:30,105.38,0.0,1,10538,卖盘
14:26:34,105.38,0.0,6,63228,卖盘
14:26:40,105.4,0.02,10,105400,中性盘
14:26:42,105.4,0.0,5,52700,卖盘
14:26:46,105.52,0.12,5,52759,买盘
14:26:55,105.4,-0.12,3,31622,卖盘
14:26:57,105.5,0.1,4,42200,买盘
14:27:00,105.5,0.0,13,131875,卖盘
14:27:04,105.5,0.0,1,10550,卖盘
14:27:07,105.48,-0.02,7,79121,卖盘
14:27:12,105.4,-0.08,1,10540,卖盘
14:27:15,105.4,0.0,2,21080,卖盘
14:27:19,105.42,0.02,1,10542,中性盘
14:27:24,105.4,-0.02,12,126480,卖盘
14:27:27,105.4,0.0,5,52700,卖盘
14:27:31,105.4,0.0,3,31626,卖盘
14:27:36,105.38,-0.02,2,21076,卖盘
14:27:40,105.46,0.08,14,147604,买盘
14:27:42,105.46,0.0,6,63276,卖盘
14:27:49,105.36,-0.1,15,158058,卖盘
14:27:55,105.36,0.0,1,10536,买盘
14:27:56,105.36,0.0,14,147504,买盘
14:28:00,105.35,-0.01,3,31605,卖盘
14:28:10,105.35,0.0,4,42140,卖盘
14:28:18,105.34,-0.01,3,31603,卖盘
14:28:26,105.33,-0.01,51,537082,卖盘
14:28:30,105.33,0.0,1,10533,买盘
14:28:40,105.3,-0.03,4,42120,卖盘
14:28:41,105.28,-0.02,4,34328,买盘
14:28:51,105.23,-0.05,6,63138,卖盘
14:28:55,105.23,0.0,18,189381,买盘
14:28:56,105.22,-0.01,13,136772,卖盘
14:29:01,105.21,-0.01,16,168361,卖盘
14:29:04,105.2,-0.01,2,21040,卖盘
14:29:05,105.2,0.0,5,52606,中性盘
14:29:08,105.2,0.0,1,10520,中性盘
14:29:12,105.23,0.03,10,105219,买盘
14:29:16,105.2,-0.03,3,31560,中性盘
14:29:21,105.2,0.0,10,105199,买盘
14:29:25,105.2,0.0,3,31556,买盘
14:29:27,105.2,0.0,11,115712,买盘
14:29:31,105.21,0.01,3,31561,买盘
14:29:33,105.22,0.01,3,31565,买盘
14:29:36,105.23,0.01,7,73643,买盘
14:29:40,105.23,0.0,1,10523,买盘
14:29:42,105.23,0.0,4,42092,买盘
14:29:46,105.22,-0.01,5,52612,卖盘
14:29:49,105.24,0.02,11,115759,买盘
14:29:51,105.2,-0.04,13,136798,卖盘
14:29:55,105.21,0.01,7,73649,中性盘
14:29:57,105.21,0.0,13,136772,买盘
14:30:02,105.21,0.0,19,199895,买盘
14:30:02,105.22,0.01,3,31566,买盘
14:30:06,105.22,0.0,3,31566,买盘
14:30:10,105.24,0.02,6,63142,买盘
14:30:12,105.24,0.0,16,168372,买盘
14:30:15,105.2,-0.04,4,42080,卖盘
14:30:24,105.2,0.0,1,10520,卖盘
14:30:27,105.22,0.02,1,10522,买盘
14:30:31,105.22,0.0,4,42084,买盘
14:30:34,105.2,-0.02,3,31564,卖盘
14:30:35,105.2,0.0,4,42080,卖盘
14:30:39,105.19,-0.01,3,31558,卖盘
14:30:45,105.17,-0.02,1,10517,卖盘
14:30:47,105.19,0.02,3,31557,买盘
14:30:50,105.17,-0.02,4,42068,卖盘
14:30:53,105.19,0.02,2,21038,买盘
14:30:57,105.18,-0.01,42,441719,卖盘
14:31:06,105.18,0.0,4,42079,卖盘
14:31:09,105.18,0.0,2,21039,卖盘
14:31:16,105.18,0.0,3,31554,卖盘
14:31:19,105.18,0.0,6,63108,卖盘
14:31:21,105.18,0.0,2,21036,卖盘
14:31:31,105.2,0.02,9,94672,买盘
14:31:34,105.19,-0.01,2,21040,卖盘
14:31:36,105.19,0.0,3,31557,卖盘
14:31:42,105.21,0.02,6,63127,买盘
14:31:45,105.21,0.0,6,63122,中性盘
14:31:49,105.21,0.0,1,10521,中性盘
14:31:51,105.19,-0.02,1,10519,卖盘
14:31:55,105.21,0.02,1,10521,买盘
14:31:57,105.19,-0.02,2,21038,卖盘
14:32:00,105.18,-0.01,28,294504,卖盘
14:32:04,105.19,0.01,1,10519,卖盘
14:32:09,105.18,-0.01,5,52590,卖盘
14:32:12,105.18,0.0,3,31556,卖盘
14:32:21,105.19,0.01,3,31556,买盘
14:32:27,105.2,0.0,4,42084,买盘
14:32:30,105.2,0.0,2,21040,买盘
14:32:32,105.21,0.01,6,63132,中性盘
14:32:36,105.23,0.02,2,21046,买盘
14:32:40,105.23,0.0,13,136780,买盘
14:32:42,105.23,0.0,2,21046,卖盘
14:32:46,105.27,0.04,6,63151,买盘
14:32:48,105.27,0.0,3,31578,买盘
14:32:51,105.28,0.01,6,63166,买盘
14:32:55,105.25,-0.03,4,42100,买盘
14:32:57,105.29,0.04,9,94740,买盘
14:33:00,105.28,-0.01,2,21056,卖盘
14:33:04,105.26,-0.02,8,84208,中性盘
14:33:06,105.26,0.0,5,52630,买盘
14:33:09,105.26,0.0,7,73672,买盘
14:33:12,105.24,-0.02,7,73680,中性盘
14:33:15,105.28,0.04,1,10528,买盘
14:33:21,105.3,0.02,9,94748,买盘
14:33:25,105.3,0.0,4,42110,买盘
14:33:27,105.3,0.0,1,10530,买盘
14:33:31,105.3,0.0,1,10530,买盘
14:33:34,105.31,0.01,5,52651,买盘
14:33:36,105.31,0.0,1,10531,买盘
14:33:40,105.31,0.0,1,10531,买盘
14:33:42,105.32,0.01,6,63185,买盘
14:33:45,105.32,0.0,8,84249,买盘
14:33:49,105.33,0.01,3,31599,买盘
14:33:51,105.33,0.0,5,52665,买盘
14:33:57,105.33,0.0,8,84243,买盘
14:34:00,105.33,0.0,1,10533,买盘
14:34:06,105.27,-0.06,4,42113,卖盘
14:34:12,105.25,-0.02,3,31575,买盘
14:34:15,105.27,0.02,4,42108,买盘
14:34:18,105.27,0.0,14,147378,买盘
14:34:24,105.27,0.0,4,42108,买盘
14:34:34,105.25,-0.02,7,73683,卖盘
14:34:36,105.28,0.03,1,10528,买盘
14:34:45,105.27,-0.01,2,21054,中性盘
14:34:47,105.25,-0.02,1,10525,卖盘
14:34:56,105.3,0.05,18,189540,卖盘
14:35:01,105.3,0.0,3,31590,卖盘
14:35:04,105.32,0.02,2,21064,买盘
14:35:10,105.26,-0.06,11,115805,卖盘
14:35:15,105.26,0.0,1,10526,买盘
14:35:20,105.26,0.0,12,126312,买盘
14:35:24,105.26,0.0,4,42101,买盘
14:35:26,105.25,-0.01,7,73675,卖盘
14:35:30,105.25,0.0,8,84201,卖盘
14:35:36,105.28,0.03,1,10528,买盘
14:35:43,105.25,-0.03,4,42101,卖盘
14:35:51,105.25,0.0,6,63152,卖盘
14:35:55,105.25,0.0,1,10525,卖盘
14:35:57,105.25,0.0,2,21050,卖盘
14:36:00,105.24,-0.01,1,10524,卖盘
14:36:03,105.23,-0.01,3,31570,卖盘
14:36:06,105.23,0.0,1,10523,卖盘
14:36:09,105.25,0.02,1,10525,买盘
14:36:11,105.21,-0.04,17,178879,卖盘
14:36:21,105.21,0.0,5,52605,买盘
14:36:24,105.2,-0.01,3,31560,卖盘
14:36:27,105.2,0.0,3,31560,卖盘
14:36:31,105.2,0.0,9,94680,卖盘
14:36:36,105.19,-0.01,3,31557,卖盘
14:36:40,105.18,-0.01,3,31556,卖盘
14:36:43,105.18,0.0,3,31554,卖盘
14:36:45,105.18,0.0,3,31554,卖盘
14:36:49,105.19,0.01,2,21037,中性盘
14:36:51,105.2,0.01,3,31560,买盘
14:36:55,105.2,0.0,1,10520,买盘
14:36:56,105.18,-0.02,4,42072,卖盘
14:37:04,105.16,-0.02,22,231383,卖盘
14:37:07,105.19,0.03,2,21038,中性盘
14:37:09,105.17,-0.02,3,31554,卖盘
14:37:15,105.17,0.0,19,199824,卖盘
14:37:20,105.19,0.02,7,73634,中性盘
14:37:24,105.21,0.02,7,73641,买盘
14:37:30,105.17,-0.04,1,10517,卖盘
14:37:34,105.19,0.02,4,42070,买盘
14:37:36,105.17,-0.02,5,52585,卖盘
14:37:42,105.21,0.04,9,94681,买盘
14:37:46,105.17,-0.04,13,136746,卖盘
14:37:51,105.17,0.0,5,52598,卖盘
14:37:54,105.17,0.0,1,10517,卖盘
14:38:04,105.24,0.07,7,73639,买盘
14:38:06,105.22,-0.02,1,10522,中性盘
14:38:09,105.26,0.04,4,42104,买盘
14:38:12,105.27,0.01,8,84209,买盘
14:38:14,105.27,0.0,11,115794,买盘
14:38:18,105.24,-0.03,46,484201,卖盘
14:38:21,105.24,0.0,3,31572,买盘
14:38:23,105.22,-0.02,1,10522,中性盘
14:38:27,105.22,0.0,3,31566,买盘
14:38:29,105.22,0.0,1,10522,买盘
14:38:34,105.2,-0.02,2,21042,中性盘
14:38:36,105.27,0.07,3,31573,买盘
14:38:43,105.27,0.0,2,21054,买盘
14:38:49,105.27,0.0,13,136782,买盘
14:38:51,105.25,-0.02,2,21052,中性盘
14:39:04,105.24,-0.01,1,10524,买盘
14:39:06,105.25,0.01,2,21049,买盘
14:39:10,105.18,-0.07,3,31568,卖盘
14:39:18,105.23,0.05,3,31569,买盘
14:39:21,105.18,-0.05,31,326068,卖盘
14:39:24,105.18,0.0,1,10518,卖盘
14:39:27,105.24,0.06,1,10524,中性盘
14:39:30,105.25,0.01,18,189450,买盘
14:39:51,105.23,-0.02,1,10523,买盘
14:39:54,105.23,0.0,2,21046,买盘
14:39:57,105.25,0.02,18,189449,买盘
14:40:00,105.24,-0.01,11,115772,卖盘
14:40:02,105.25,0.01,6,63150,买盘
14:40:09,105.24,-0.01,4,42096,卖盘
14:40:12,105.24,0.0,2,21048,买盘
14:40:15,105.24,0.0,7,73668,买盘
14:40:20,105.23,-0.01,4,42092,卖盘
14:40:24,105.21,-0.02,8,84180,卖盘
14:40:28,105.2,-0.01,11,115728,卖盘
14:40:30,105.21,0.01,1,10521,买盘
14:40:48,105.24,0.03,6,63135,买盘
14:40:54,105.22,-0.02,1,10522,买盘
14:40:58,105.21,-0.01,2,21042,卖盘
14:41:03,105.21,0.0,21,220941,卖盘
14:41:09,105.21,0.0,1,10521,买盘
14:41:12,105.21,0.0,4,42084,买盘
14:41:15,105.2,-0.01,3,31562,卖盘
14:41:20,105.2,0.0,3,31560,卖盘
14:41:23,105.2,0.0,8,84162,卖盘
14:41:27,105.21,0.01,31,326125,买盘
14:41:31,105.24,0.03,9,94694,买盘
14:41:34,105.2,-0.04,103,1083310,卖盘
14:41:37,105.21,0.01,3,31563,中性盘
14:41:39,105.24,0.03,4,42096,买盘
14:41:42,105.24,0.0,5,52614,买盘
14:41:45,105.22,-0.02,2,21044,中性盘
14:41:48,105.15,-0.07,43,452221,卖盘
14:41:51,105.15,0.0,3,31545,买盘
14:41:54,105.15,0.0,6,63090,买盘
14:42:03,105.21,0.06,3,31563,买盘
14:42:09,105.24,0.03,3,31572,买盘
14:42:12,105.2,-0.04,11,115756,卖盘
14:42:15,105.2,0.0,15,157825,卖盘
14:42:24,105.2,0.0,3,31560,买盘
14:42:27,105.1,-0.1,56,588831,卖盘
14:42:30,105.2,0.1,10,105200,卖盘
14:42:39,105.15,-0.05,9,94659,卖盘
14:42:45,105.18,0.03,10,105180,买盘
14:42:51,105.15,-0.03,1,10515,卖盘
14:43:00,105.15,0.0,9,94635,卖盘
14:43:02,105.15,0.0,15,157725,买盘
14:43:05,105.15,0.0,9,94635,买盘
14:43:09,105.16,0.01,3,31548,买盘
14:43:11,105.16,0.0,2,21032,卖盘
14:43:15,105.18,0.02,4,42068,买盘
14:43:24,105.18,0.0,4,42071,买盘
14:43:27,105.17,-0.01,9,94660,卖盘
14:43:30,105.18,0.01,24,252429,买盘
14:43:33,105.18,0.0,1,10518,买盘
14:43:35,105.24,0.06,39,410156,买盘
14:43:39,105.18,-0.06,20,210360,卖盘
14:43:41,105.23,0.05,4,42092,卖盘
14:43:48,105.24,0.01,9,94716,买盘
14:43:50,105.18,-0.06,28,294598,卖盘
14:43:54,105.18,0.0,14,147252,买盘
14:43:57,105.18,0.0,10,105176,买盘
14:44:00,105.24,0.06,11,115704,买盘
14:44:03,105.25,0.01,7,73675,买盘
14:44:05,105.16,-0.09,94,988616,卖盘
14:44:09,105.25,0.09,3,31575,买盘
14:44:14,105.18,-0.07,1,10518,卖盘
14:44:21,105.22,0.04,1,10522,卖盘
14:44:24,105.25,0.03,2,21050,买盘
14:44:30,105.25,0.0,2,21047,买盘
14:44:35,105.22,-0.03,34,357748,卖盘
14:44:39,105.2,-0.02,8,84160,买盘
14:44:48,105.2,0.0,1,10520,买盘
14:44:51,105.19,-0.01,2,21038,卖盘
14:44:54,105.2,0.01,2,21040,买盘
14:44:57,105.2,0.0,14,147280,买盘
14:45:00,105.2,0.0,3,31560,买盘
14:45:06,105.22,0.02,7,73654,买盘
14:45:09,105.21,-0.01,2,21042,买盘
14:45:20,105.22,0.01,6,63135,卖盘
14:45:24,105.24,0.02,4,42096,买盘
14:45:27,105.22,-0.02,196,2061617,卖盘
14:45:35,105.22,0.0,22,231512,卖盘
14:45:38,105.15,-0.07,19,199912,卖盘
14:45:41,105.2,0.05,1,10520,买盘
14:45:44,105.2,0.0,1,10520,买盘
14:45:47,105.2,0.0,1,10520,买盘
14:45:57,105.2,0.0,2,21040,买盘
14:46:00,105.2,0.0,23,241960,买盘
14:46:08,105.19,-0.01,2,21038,买盘
14:46:11,105.19,0.0,7,73633,买盘
14:46:15,105.19,0.0,2,21038,卖盘
14:46:18,105.2,0.01,2,21040,买盘
14:46:24,105.19,-0.01,1,10519,卖盘
14:46:26,105.2,0.01,4,42080,买盘
14:46:30,105.2,0.0,6,63120,买盘
14:46:32,105.22,0.02,2,21044,买盘
14:46:35,105.22,0.0,2,21042,买盘
14:46:39,105.2,-0.02,12,126254,卖盘
14:46:42,105.18,-0.02,66,694285,卖盘
14:46:44,105.18,0.0,4,42072,买盘
14:46:56,105.18,0.0,56,588998,买盘
14:47:00,105.18,0.0,1,10518,买盘
14:47:03,105.18,0.0,4,42072,买盘
14:47:06,105.18,0.0,7,73621,买盘
14:47:08,105.18,0.0,10,105177,买盘
14:47:12,105.18,0.0,1,10518,买盘
14:47:18,105.17,-0.01,3,31553,卖盘
14:47:21,105.18,0.01,8,84144,买盘
14:47:27,105.18,0.0,2,21036,买盘
14:47:30,105.18,0.0,2,21036,买盘
14:47:32,105.18,0.0,20,210360,买盘
14:47:36,105.17,-0.01,17,178796,卖盘
14:47:39,105.17,0.0,4,42070,卖盘
14:47:45,105.18,0.01,55,578421,买盘
14:47:48,105.18,0.0,7,73626,买盘
14:47:56,105.18,0.0,2,21036,买盘
14:47:59,105.17,-0.01,8,84140,卖盘
14:48:02,105.18,0.01,5,52590,买盘
14:48:05,105.17,-0.01,11,115687,卖盘
14:48:08,105.18,0.01,1,10518,买盘
14:48:12,105.18,0.0,8,84144,买盘
14:48:14,105.18,0.0,18,189310,买盘
14:48:18,105.17,-0.01,13,136733,卖盘
14:48:21,105.18,0.01,3,31554,买盘
14:48:30,105.2,0.02,43,452278,买盘
14:48:33,105.24,0.04,8,84199,中性盘
14:48:36,105.24,0.0,2,21048,买盘
14:48:39,105.2,-0.04,4,42080,卖盘
14:48:42,105.2,0.0,5,52600,卖盘
14:48:45,105.24,0.04,1,10524,买盘
14:48:48,105.18,-0.06,43,452340,卖盘
14:48:57,105.18,0.0,17,178877,卖盘
14:49:03,105.24,0.06,2,21048,买盘
14:49:06,105.18,-0.06,3,31560,卖盘
14:49:12,105.24,0.06,18,189418,买盘
14:49:15,105.23,-0.01,2,21046,买盘
14:49:18,105.24,0.01,8,84192,买盘
14:49:20,105.24,0.0,1,10524,买盘
14:49:27,105.22,-0.02,3,31570,中性盘
14:49:32,105.24,0.02,2,21048,买盘
14:49:35,105.24,0.0,19,199956,买盘
14:49:38,105.24,0.0,13,136816,卖盘
14:49:42,105.2,-0.04,26,273549,卖盘
14:49:45,105.2,0.0,27,284040,买盘
14:49:47,105.2,0.0,10,105194,买盘
14:49:50,105.2,0.0,52,546989,买盘
14:49:54,105.2,0.0,1,10520,买盘
14:49:57,105.2,0.0,9,94680,买盘
14:49:59,105.23,0.03,8,84163,买盘
14:50:02,105.25,0.02,8,84195,买盘
14:50:06,105.24,-0.01,12,126298,中性盘
14:50:08,105.24,0.0,3,31572,买盘
14:50:12,105.24,0.0,3,31572,买盘
14:50:15,105.25,0.01,5,52624,买盘
14:50:17,105.26,0.01,38,399988,买盘
14:50:21,105.26,0.0,12,126312,买盘
14:50:24,105.26,0.0,9,94734,买盘
14:50:26,105.26,0.0,2,21052,买盘
14:50:29,105.25,-0.01,2,26314,卖盘
14:50:33,105.27,0.02,1,10527,买盘
14:50:35,105.25,-0.02,2,21050,卖盘
14:50:40,105.25,0.0,9,94733,卖盘
14:50:45,105.26,0.01,1,10526,卖盘
14:50:53,105.24,-0.02,31,326295,卖盘
14:51:03,105.24,0.0,2,21048,买盘
14:51:05,105.24,0.0,18,189432,买盘
14:51:10,105.24,0.0,20,210479,买盘
14:51:12,105.27,0.03,9,94726,买盘
14:51:15,105.27,0.0,1,10527,买盘
14:51:18,105.27,0.0,2,21054,买盘
14:51:21,105.24,-0.03,1,10524,卖盘
14:51:27,105.3,0.06,1,10530,买盘
14:51:29,105.3,0.0,4,42116,买盘
14:51:33,105.3,0.0,3,31590,买盘
14:51:36,105.31,0.01,2,21062,买盘
14:51:38,105.3,-0.01,5,52650,买盘
14:51:42,105.3,0.0,5,52650,买盘
14:51:44,105.3,0.0,1,10530,买盘
14:51:47,105.31,0.01,1,10531,买盘
14:51:51,105.31,0.0,2,21062,买盘
14:51:57,105.27,-0.04,34,357923,卖盘
14:52:04,105.32,0.05,5,52656,买盘
14:52:06,105.31,-0.01,1,10531,卖盘
14:52:16,105.3,-0.01,6,63180,买盘
14:52:18,105.3,0.0,1,10530,卖盘
14:52:21,105.31,0.01,11,115833,买盘
14:52:27,105.31,0.0,5,52649,买盘
14:52:32,105.31,0.0,18,189524,买盘
14:52:35,105.31,0.0,1,10531,卖盘
14:52:40,105.31,0.0,6,63187,卖盘
14:52:42,105.27,-0.04,14,147385,卖盘
14:52:51,105.3,0.03,2,21060,买盘
14:52:55,105.27,-0.03,19,200015,卖盘
14:52:57,105.27,0.0,14,147378,买盘
14:53:00,105.25,-0.02,30,315764,卖盘
14:53:03,105.27,0.02,1,10527,买盘
14:53:08,105.25,-0.02,22,231550,卖盘
14:53:11,105.25,0.0,10,105250,卖盘
14:53:15,105.25,0.0,14,147360,卖盘
14:53:18,105.26,0.01,3,31578,中性盘
14:53:20,105.25,-0.01,5,52625,卖盘
14:53:23,105.24,-0.01,103,1081868,卖盘
14:53:26,105.24,0.0,119,1252278,卖盘
14:53:30,105.23,-0.01,37,389381,中性盘
14:53:32,105.23,0.0,1,10523,买盘
14:53:36,105.2,-0.03,2,21040,卖盘
14:53:48,105.23,0.03,12,126276,买盘
14:53:51,105.26,0.03,5,52618,买盘
14:54:00,105.24,-0.02,1,10524,中性盘
14:54:04,105.21,-0.03,48,505074,卖盘
14:54:06,105.2,-0.01,3,31562,卖盘
14:54:08,105.21,0.01,4,42084,买盘
14:54:11,105.21,0.0,3,31563,买盘
14:54:18,105.21,0.0,20,210420,买盘
14:54:20,105.21,0.0,4,42082,买盘
14:54:23,105.21,0.0,2,21042,卖盘
14:54:32,105.23,0.02,2,21046,买盘
14:54:35,105.24,0.01,13,136799,买盘
14:54:38,105.25,0.01,1,10525,买盘
14:54:45,105.26,0.01,1,10526,买盘
14:54:51,105.26,0.0,5,52626,买盘
14:54:57,105.26,0.0,1,10526,买盘
14:55:00,105.25,-0.01,7,69781,卖盘
14:55:03,105.25,0.0,7,77569,卖盘
14:55:06,105.23,-0.02,44,463051,卖盘
14:55:10,105.22,-0.01,41,431412,卖盘
14:55:12,105.23,0.01,17,178887,买盘
14:55:14,105.23,0.0,1,10523,买盘
14:55:18,105.22,-0.01,24,244556,卖盘
14:55:20,105.22,0.0,3,31566,卖盘
14:55:25,105.23,0.01,1,10523,卖盘
14:55:27,105.23,0.0,1,10523,卖盘
14:55:34,105.26,0.03,2,21051,买盘
14:55:36,105.26,0.0,4,42095,买盘
14:55:38,105.24,-0.02,4,42102,中性盘
14:55:41,105.25,0.01,2,21050,中性盘
14:55:47,105.26,0.01,64,673523,买盘
14:55:51,105.27,0.01,72,757932,买盘
14:55:55,105.25,-0.02,1,10525,中性盘
14:55:57,105.27,0.02,4,42106,买盘
14:56:00,105.27,0.0,41,431606,买盘
14:56:08,105.27,0.0,1,10527,买盘
14:56:17,105.27,0.0,5,52647,卖盘
14:56:21,105.3,0.03,3,31590,买盘
14:56:25,105.29,-0.01,2,21059,卖盘
14:56:30,105.31,0.02,2,21062,买盘
14:56:33,105.31,0.0,3,31593,买盘
14:56:36,105.3,-0.01,2,21060,卖盘
14:56:40,105.32,0.02,5,52660,买盘
14:56:42,105.32,0.0,11,115852,卖盘
14:56:46,105.31,-0.01,26,273832,卖盘
14:56:47,105.31,0.0,3,31593,卖盘
14:56:51,105.29,-0.02,58,610738,卖盘
14:56:55,105.32,0.03,5,52660,卖盘
14:56:56,105.32,0.0,3,31597,卖盘
14:57:00,105.34,0.02,2,21068,买盘
15:00:04,105.37,0.03,209,2202233,卖盘
